"","Emp_ID","Dateofjoining","LastWorkingDate","predicted_quaters"
"1",1,"12/24/2015","","5"
"2",2,"11/6/2017","","0"
"3",4,"12/7/2016","","2"
"4",5,"1/9/2016","","2"
"5",6,"7/31/2017","","1"
"6",8,"9/19/2017","","0"
"7",11,"12/7/2017","","0"
"8",12,"6/29/2016","","4"
"9",13,"5/28/2012","","19"
"10",14,"10/16/2017","","1"
"11",16,"11/30/2015","","5"
"12",17,"3/6/2015","","5"
"13",18,"1/9/2016","","2"
"14",20,"10/25/2016","","3"
"15",21,"5/12/2015","","7"
"16",22,"5/25/2015","","7"
"17",24,"5/25/2015","","8"
"18",25,"10/30/2014","","14"
"19",26,"5/7/2015","","11"
"20",29,"5/20/2015","","5"
"21",30,"10/3/2016","","3"
"22",31,"7/4/2017","","1"
"23",34,"7/31/2017","","1"
"24",35,"3/7/2017","","0"
"25",36,"7/1/2016","","4"
"26",37,"5/16/2017","","0"
"27",38,"12/6/2016","","2"
"28",39,"8/8/2017","","1"
"29",40,"11/8/2016","","2"
"30",41,"7/4/2016","","4"
"31",42,"10/20/2015","","5"
"32",43,"7/13/2015","","4"
"33",44,"9/25/2017","","0"
"34",45,"5/29/2017","","2"
"35",46,"10/28/2015","","4"
"36",47,"10/9/2017","","0"
"37",49,"5/25/2015","","7"
"38",50,"11/20/2015","","6"
"39",51,"5/22/2014","","10"
"40",52,"6/28/2017","","1"
"41",54,"7/11/2016","","5"
"42",55,"11/21/2016","","2"
"43",56,"7/20/2015","","7"
"44",57,"7/26/2014","","12"
"45",58,"10/15/2015","1/25/2016","5"
"46",59,"1/6/2016","","2"
"47",60,"9/17/2013","","17"
"48",61,"5/4/2015","","4"
"49",62,"11/28/2017","","0"
"50",63,"4/30/2013","","16"
"51",64,"1/31/2017","","0"
"52",65,"7/31/2015","","7"
"53",66,"1/21/2017","","0"
"54",67,"1/4/2016","","5"
"55",68,"10/18/2012","","19"
"56",69,"11/14/2016","","4"
"57",70,"10/8/2015","1/29/2016","4"
"58",71,"5/25/2015","","5"
"59",72,"10/18/2017","","0"
"60",74,"5/1/2017","","0"
"61",75,"7/21/2017","","1"
"62",77,"5/18/2015","","9"
"63",78,"9/16/2015","","10"
"64",79,"7/9/2016","","2"
"65",80,"10/2/2017","","0"
"66",81,"6/12/2015","","7"
"67",82,"4/11/2017","","0"
"68",83,"8/29/2016","","3"
"69",84,"7/4/2016","","4"
"70",85,"9/28/2017","","0"
"71",86,"5/28/2015","1/27/2016","4"
"72",87,"8/31/2016","","5"
"73",88,"1/6/2015","","7"
"74",89,"5/30/2016","","4"
"75",90,"11/11/2016","","2"
"76",91,"8/3/2016","","2"
"77",93,"7/14/2015","","6"
"78",95,"1/30/2017","","0"
"79",96,"7/17/2017","","0"
"80",97,"10/3/2017","","0"
"81",98,"8/15/2016","","5"
"82",99,"3/24/2017","","0"
"83",101,"12/3/2014","","7"
"84",102,"1/5/2016","","2"
"85",103,"11/30/2016","","2"
"86",104,"8/16/2017","","1"
"87",105,"9/18/2015","1/6/2016","4"
"88",106,"5/27/2013","","14"
"89",107,"12/12/2016","","4"
"90",108,"1/9/2017","","0"
"91",109,"4/14/2017","","0"
"92",110,"9/19/2016","","2"
"93",111,"12/13/2013","","12"
"94",112,"6/30/2015","","7"
"95",113,"6/23/2016","","3"
"96",114,"9/28/2017","","0"
"97",115,"7/23/2012","","16"
"98",116,"12/4/2015","","5"
"99",117,"1/28/2013","","19"
"100",118,"3/10/2017","","0"
"101",119,"11/16/2016","","3"
"102",120,"9/28/2016","","3"
"103",121,"3/7/2017","","0"
"104",122,"8/7/2017","","1"
"105",123,"10/7/2015","","5"
"106",125,"7/29/2015","","5"
"107",127,"5/4/2015","","6"
"108",129,"7/11/2017","","0"
"109",130,"1/17/2017","","1"
"110",131,"10/21/2010","","22"
"111",132,"5/1/2017","","0"
"112",133,"7/30/2015","","5"
"113",134,"10/12/2017","","0"
"114",135,"9/15/2017","","1"
"115",136,"10/2/2015","1/5/2016","4"
"116",137,"6/5/2017","","3"
"117",138,"1/26/2015","1/6/2016","4"
"118",139,"10/31/2016","","2"
"119",140,"4/29/2013","","14"
"120",141,"7/10/2017","","0"
"121",142,"6/10/2015","","4"
"122",143,"5/1/2015","","4"
"123",144,"8/19/2016","","2"
"124",145,"2/13/2017","","2"
"125",147,"7/20/2016","","2"
"126",148,"12/11/2017","","0"
"127",149,"4/17/2017","","0"
"128",150,"4/22/2013","","15"
"129",151,"9/15/2016","","2"
"130",152,"6/3/2015","","7"
"131",153,"10/14/2015","","6"
"132",154,"7/3/2017","","0"
"133",155,"9/10/2014","","11"
"134",156,"7/1/2015","","4"
"135",158,"7/3/2017","","0"
"136",159,"7/21/2014","","9"
"137",161,"6/19/2015","","4"
"138",162,"10/31/2016","","3"
"139",163,"5/8/2017","","0"
"140",164,"6/17/2016","","7"
"141",165,"10/16/2015","1/15/2016","5"
"142",167,"3/2/2015","","5"
"143",168,"10/7/2016","","5"
"144",169,"5/1/2015","","7"
"145",170,"7/4/2016","","4"
"146",171,"8/24/2015","","7"
"147",172,"11/7/2014","","13"
"148",173,"6/13/2011","","21"
"149",174,"7/27/2015","","6"
"150",175,"9/22/2015","","4"
"151",176,"5/4/2017","","0"
"152",177,"12/14/2015","","4"
"153",178,"9/11/2015","","5"
"154",179,"5/26/2015","","5"
"155",180,"6/26/2015","","7"
"156",181,"11/6/2017","","0"
"157",182,"1/13/2017","","0"
"158",183,"11/3/2016","","2"
"159",184,"4/12/2017","","1"
"160",185,"11/30/2013","","14"
"161",187,"11/2/2016","","2"
"162",188,"11/15/2016","","3"
"163",190,"11/7/2015","","5"
"164",191,"12/19/2016","","5"
"165",192,"4/10/2017","","1"
"166",193,"5/7/2015","","9"
"167",194,"6/28/2017","","2"
"168",195,"9/28/2017","","0"
"169",196,"5/29/2017","","1"
"170",197,"10/16/2010","","22"
"171",199,"12/16/2013","","16"
"172",200,"11/28/2016","","3"
"173",201,"5/30/2016","","3"
"174",202,"10/30/2017","","0"
"175",203,"7/4/2016","","5"
"176",204,"12/5/2014","","9"
"177",205,"12/20/2017","","0"
"178",206,"9/28/2017","","0"
"179",207,"5/9/2015","","6"
"180",208,"1/6/2016","","2"
"181",210,"5/3/2017","","0"
"182",211,"6/5/2017","","0"
"183",213,"9/5/2015","","7"
"184",215,"7/19/2016","","3"
"185",216,"7/4/2016","","4"
"186",217,"5/20/2013","","13"
"187",218,"7/31/2017","","0"
"188",219,"5/11/2015","","6"
"189",220,"11/20/2010","","24"
"190",221,"12/29/2015","1/19/2016","4"
"191",222,"9/12/2016","","3"
"192",223,"8/24/2015","","6"
"193",225,"7/13/2017","","2"
"194",226,"11/9/2016","","2"
"195",227,"5/1/2017","","3"
"196",228,"7/25/2013","","12"
"197",229,"8/3/2016","","3"
"198",230,"10/13/2015","","7"
"199",231,"10/22/2015","1/5/2016","4"
"200",232,"7/3/2015","1/21/2016","4"
"201",233,"6/28/2017","","0"
"202",234,"1/2/2017","","1"
"203",235,"10/8/2015","","4"
"204",237,"9/4/2017","","0"
"205",238,"1/14/2017","","0"
"206",241,"11/12/2015","1/6/2016","4"
"207",242,"11/3/2016","","2"
"208",243,"8/14/2017","","0"
"209",244,"5/4/2015","","7"
"210",245,"9/11/2017","","0"
"211",246,"12/13/2013","","12"
"212",247,"6/14/2017","","1"
"213",252,"6/16/2015","","11"
"214",256,"10/19/2015","1/22/2016","4"
"215",257,"12/14/2016","","3"
"216",258,"5/3/2017","","1"
"217",260,"10/31/2016","","2"
"218",261,"7/27/2015","","7"
"219",262,"1/16/2016","","3"
"220",263,"10/12/2017","","0"
"221",264,"12/18/2017","12/18/2017","0"
"222",265,"5/30/2017","","0"
"223",266,"10/17/2014","","9"
"224",267,"10/7/2016","","4"
"225",268,"6/1/2016","","3"
"226",270,"5/4/2017","","0"
"227",271,"5/29/2017","","1"
"228",272,"5/30/2016","","4"
"229",273,"8/30/2017","","0"
"230",274,"12/20/2017","","0"
"231",275,"5/2/2013","","16"
"232",276,"6/30/2017","","0"
"233",278,"10/21/2013","","9"
"234",279,"11/2/2016","","3"
"235",280,"10/12/2010","","22"
"236",281,"10/10/2017","","0"
"237",282,"8/16/2017","","0"
"238",283,"11/10/2017","","0"
"239",284,"1/3/2017","","0"
"240",286,"7/13/2017","","0"
"241",287,"5/22/2017","","0"
"242",288,"12/18/2017","","0"
"243",289,"7/18/2017","","0"
"244",290,"7/28/2016","","2"
"245",291,"2/12/2015","","6"
"246",292,"7/5/2017","","0"
"247",293,"12/2/2013","","9"
"248",294,"10/10/2017","","0"
"249",295,"1/5/2016","","2"
"250",296,"6/10/2015","","9"
"251",297,"12/19/2017","","0"
"252",298,"9/12/2016","","3"
"253",299,"8/20/2016","","2"
"254",303,"10/15/2012","","15"
"255",305,"8/26/2015","","4"
"256",306,"11/29/2017","","0"
"257",307,"10/5/2015","","9"
"258",308,"8/15/2011","","27"
"259",309,"12/11/2017","","0"
"260",310,"12/11/2017","","0"
"261",312,"3/18/2017","","0"
"262",313,"4/18/2017","","0"
"263",315,"9/12/2017","","0"
"264",316,"9/19/2015","","4"
"265",317,"6/17/2016","","3"
"266",318,"10/18/2016","","2"
"267",319,"1/2/2017","","0"
"268",320,"7/13/2015","","9"
"269",321,"10/31/2016","","2"
"270",322,"6/15/2016","","2"
"271",323,"1/6/2017","","1"
"272",324,"7/3/2017","","2"
"273",325,"11/30/2015","","4"
"274",326,"4/21/2017","","0"
"275",327,"5/29/2015","","5"
"276",328,"12/11/2015","","5"
"277",329,"7/19/2012","","20"
"278",330,"9/24/2015","","4"
"279",331,"9/27/2017","","0"
"280",332,"2/3/2016","","2"
"281",333,"9/19/2015","","5"
"282",334,"1/7/2016","","2"
"283",335,"11/17/2017","","0"
"284",336,"2/10/2015","","9"
"285",337,"9/15/2015","","5"
"286",339,"6/13/2016","","4"
"287",340,"8/8/2015","","4"
"288",341,"12/24/2016","","4"
"289",342,"7/9/2015","","8"
"290",343,"1/16/2017","","0"
"291",344,"2/2/2017","","0"
"292",345,"7/31/2017","","1"
"293",346,"12/2/2016","","3"
"294",347,"1/5/2015","","6"
"295",348,"9/1/2017","","0"
"296",349,"5/27/2016","","2"
"297",350,"12/3/2015","","5"
"298",351,"12/10/2016","","5"
"299",352,"2/24/2016","","2"
"300",353,"7/15/2015","","7"
"301",354,"11/30/2015","","4"
"302",355,"6/16/2015","","7"
"303",357,"3/8/2017","","0"
"304",358,"10/29/2016","","5"
"305",359,"6/20/2016","","6"
"306",360,"10/21/2015","","5"
"307",361,"9/17/2015","","4"
"308",362,"5/4/2017","","2"
"309",363,"12/8/2016","","2"
"310",364,"3/7/2017","","0"
"311",365,"2/1/2017","","0"
"312",366,"10/30/2017","","0"
"313",368,"9/18/2015","","9"
"314",369,"9/20/2017","","0"
"315",371,"7/20/2015","","7"
"316",372,"6/30/2016","","2"
"317",373,"11/1/2016","","4"
"318",375,"4/7/2017","","0"
"319",376,"8/7/2017","","1"
"320",377,"10/11/2012","","20"
"321",378,"12/13/2017","","0"
"322",379,"5/22/2015","","6"
"323",382,"10/18/2017","","0"
"324",383,"9/17/2015","","6"
"325",384,"10/21/2015","","6"
"326",385,"9/28/2017","","1"
"327",386,"2/6/2012","","19"
"328",387,"11/25/2013","","9"
"329",388,"12/5/2016","","3"
"330",389,"5/23/2016","","2"
"331",390,"10/29/2015","","4"
"332",391,"1/14/2013","","17"
"333",392,"1/30/2017","","0"
"334",394,"6/6/2011","","21"
"335",397,"6/2/2016","","3"
"336",398,"12/7/2017","","0"
"337",399,"10/17/2015","","5"
"338",400,"10/8/2016","","5"
"339",401,"6/2/2015","","5"
"340",402,"11/29/2012","","20"
"341",403,"10/13/2017","","0"
"342",404,"10/19/2015","","6"
"343",405,"6/6/2016","","3"
"344",406,"8/22/2015","","4"
"345",407,"5/17/2013","","14"
"346",409,"7/3/2017","","0"
"347",410,"8/5/2015","","5"
"348",411,"2/17/2015","","4"
"349",412,"11/15/2017","","0"
"350",414,"1/21/2015","","8"
"351",415,"9/21/2017","","1"
"352",416,"7/6/2016","","3"
"353",417,"11/6/2017","","0"
"354",418,"7/30/2012","","15"
"355",419,"10/7/2015","","4"
"356",420,"10/26/2017","","0"
"357",421,"11/7/2012","","17"
"358",422,"4/20/2013","","15"
"359",423,"4/29/2013","","10"
"360",424,"9/2/2015","","6"
"361",425,"12/24/2012","","16"
"362",426,"7/14/2015","","6"
"363",427,"10/4/2017","","1"
"364",429,"6/15/2016","","4"
"365",430,"1/6/2016","","2"
"366",431,"5/11/2017","","3"
"367",432,"6/8/2016","","3"
"368",433,"5/29/2017","","1"
"369",434,"8/11/2014","","14"
"370",435,"6/12/2015","","6"
"371",436,"6/9/2014","","15"
"372",438,"10/14/2015","","8"
"373",439,"11/28/2016","","3"
"374",440,"8/11/2010","","25"
"375",441,"5/31/2017","","2"
"376",442,"9/20/2016","","3"
"377",443,"9/4/2017","","0"
"378",444,"11/28/2016","","3"
"379",445,"1/5/2016","1/25/2016","2"
"380",446,"2/1/2017","","2"
"381",448,"4/4/2011","","19"
"382",449,"9/25/2017","","0"
"383",450,"8/20/2012","","19"
"384",451,"11/5/2010","","26"
"385",452,"10/14/2010","","24"
"386",453,"7/15/2016","","4"
"387",454,"8/17/2016","","2"
"388",456,"7/7/2017","","0"
"389",457,"11/20/2017","","1"
"390",458,"7/31/2017","","1"
"391",459,"10/30/2017","","0"
"392",460,"12/5/2016","","3"
"393",461,"4/25/2017","","1"
"394",462,"10/2/2017","","0"
"395",463,"12/10/2015","","4"
"396",464,"7/16/2016","","4"
"397",465,"1/13/2015","","6"
"398",466,"12/19/2016","","2"
"399",467,"11/17/2016","","3"
"400",469,"10/9/2015","1/20/2016","4"
"401",470,"2/10/2017","","0"
"402",471,"5/8/2017","","0"
"403",472,"6/13/2017","","1"
"404",473,"7/28/2015","","4"
"405",474,"8/4/2015","1/19/2016","4"
"406",475,"7/13/2015","","6"
"407",476,"3/15/2017","","1"
"408",477,"6/1/2015","","5"
"409",478,"9/5/2016","","2"
"410",479,"12/3/2015","","4"
"411",481,"5/26/2014","","10"
"412",482,"7/23/2012","","16"
"413",483,"5/18/2017","","2"
"414",484,"8/8/2016","","2"
"415",486,"10/31/2013","","12"
"416",487,"12/21/2015","1/13/2016","4"
"417",488,"10/21/2015","","8"
"418",489,"10/18/2016","","3"
"419",491,"5/1/2017","","0"
"420",492,"7/23/2015","1/28/2016","5"
"421",493,"12/9/2016","","4"
"422",494,"3/8/2017","","2"
"423",496,"10/19/2015","","4"
"424",497,"6/22/2017","","0"
"425",498,"11/6/2017","","0"
"426",499,"9/28/2017","","0"
"427",500,"5/11/2015","","7"
"428",501,"5/8/2017","","1"
"429",502,"11/21/2016","","2"
"430",503,"6/20/2015","","5"
"431",504,"8/6/2012","","13"
"432",505,"1/16/2016","","2"
"433",507,"11/22/2012","","15"
"434",508,"12/14/2017","","0"
"435",509,"6/29/2017","","0"
"436",510,"9/5/2017","","0"
"437",511,"12/15/2017","","0"
"438",512,"5/23/2016","","2"
"439",513,"6/13/2015","","4"
"440",515,"4/13/2017","","0"
"441",516,"7/4/2016","","3"
"442",517,"10/23/2015","1/8/2016","4"
"443",518,"9/8/2015","","5"
"444",519,"10/31/2016","","3"
"445",520,"1/9/2016","","4"
"446",521,"4/6/2017","","1"
"447",522,"5/30/2011","","21"
"448",523,"5/2/2017","","1"
"449",524,"8/2/2017","","1"
"450",525,"10/29/2016","","4"
"451",527,"8/21/2014","","11"
"452",528,"3/11/2017","","2"
"453",529,"11/30/2015","","5"
"454",530,"3/14/2017","","0"
"455",531,"9/6/2017","","0"
"456",532,"10/25/2016","","3"
"457",533,"6/24/2016","","2"
"458",534,"11/23/2017","","0"
"459",535,"9/6/2012","","17"
"460",536,"7/21/2016","","3"
"461",537,"12/6/2016","","7"
"462",538,"11/10/2016","","3"
"463",539,"6/20/2013","1/19/2016","13"
"464",540,"12/5/2017","","0"
"465",541,"2/10/2014","","10"
"466",542,"7/4/2016","","3"
"467",543,"9/28/2017","","0"
"468",544,"7/23/2012","","16"
"469",545,"11/10/2015","1/25/2016","5"
"470",546,"9/21/2017","","0"
"471",547,"9/4/2017","","1"
"472",548,"8/16/2017","","0"
"473",549,"11/16/2015","1/27/2016","4"
"474",550,"10/25/2016","","3"
"475",551,"6/16/2015","","6"
"476",552,"11/18/2016","","5"
"477",553,"9/10/2016","","2"
"478",554,"11/20/2015","","4"
"479",556,"10/4/2012","","16"
"480",558,"8/27/2012","","16"
"481",559,"8/14/2017","","1"
"482",560,"7/24/2015","","9"
"483",561,"12/21/2017","","0"
"484",562,"2/2/2017","","0"
"485",563,"7/17/2014","","11"
"486",564,"1/15/2016","","2"
"487",565,"9/23/2016","","5"
"488",566,"5/22/2015","","6"
"489",568,"5/21/2015","","10"
"490",569,"12/31/2012","","19"
"491",570,"1/6/2017","","2"
"492",571,"7/28/2017","","1"
"493",572,"2/2/2017","7/27/2017","1"
"494",573,"5/3/2017","","0"
"495",574,"7/4/2016","","2"
"496",575,"12/21/2017","","0"
"497",576,"5/8/2017","","0"
"498",577,"5/3/2017","","0"
"499",578,"12/21/2015","1/19/2016","5"
"500",579,"6/30/2014","","10"
"501",580,"7/27/2015","","9"
"502",581,"1/10/2015","","7"
"503",582,"11/25/2016","","6"
"504",583,"7/31/2017","","1"
"505",584,"10/1/2012","","14"
"506",585,"10/26/2015","1/16/2016","4"
"507",587,"5/27/2017","","2"
"508",588,"5/1/2017","","1"
"509",591,"9/28/2017","","1"
"510",592,"5/4/2015","","7"
"511",593,"2/27/2017","","2"
"512",594,"9/21/2017","","0"
"513",595,"7/4/2017","","1"
"514",596,"8/24/2015","","6"
"515",597,"8/1/2017","","1"
"516",598,"12/17/2015","","6"
"517",599,"12/14/2017","","0"
"518",600,"10/13/2016","","4"
"519",601,"5/23/2013","","11"
"520",602,"4/4/2017","","0"
"521",603,"10/22/2016","","3"
"522",604,"5/27/2013","","14"
"523",605,"10/15/2012","","20"
"524",606,"1/31/2017","","0"
"525",607,"1/20/2015","","5"
"526",608,"11/15/2016","","3"
"527",609,"10/19/2015","","5"
"528",610,"11/3/2016","","2"
"529",611,"1/13/2017","","0"
"530",612,"11/3/2016","","2"
"531",613,"8/17/2015","","5"
"532",614,"10/21/2015","","7"
"533",615,"5/21/2015","","9"
"534",617,"5/31/2017","","2"
"535",618,"6/13/2014","","10"
"536",619,"5/8/2017","","1"
"537",620,"9/8/2017","","1"
"538",621,"12/13/2016","","3"
"539",622,"12/25/2017","","0"
"540",623,"11/12/2015","","4"
"541",624,"5/18/2011","","21"
"542",625,"11/23/2015","","5"
"543",626,"12/1/2016","","2"
"544",627,"10/14/2015","","6"
"545",629,"9/29/2015","","5"
"546",630,"9/9/2015","","5"
"547",633,"7/31/2017","","0"
"548",634,"1/16/2016","","2"
"549",635,"7/3/2017","","0"
"550",636,"10/1/2014","","8"
"551",638,"7/13/2010","","27"
"552",639,"2/1/2017","","1"
"553",640,"12/7/2016","","3"
"554",642,"7/31/2017","","0"
"555",643,"7/10/2017","","1"
"556",644,"4/25/2017","","1"
"557",645,"3/30/2016","","5"
"558",646,"10/12/2017","","0"
"559",647,"8/1/2016","","2"
"560",648,"7/24/2017","","0"
"561",649,"6/1/2016","","2"
"562",650,"11/14/2017","","0"
"563",651,"12/5/2016","","4"
"564",652,"11/5/2015","","5"
"565",653,"9/12/2015","","5"
"566",654,"10/10/2017","","0"
"567",655,"1/5/2016","","2"
"568",658,"4/13/2017","","1"
"569",659,"6/5/2017","","0"
"570",660,"1/25/2017","","0"
"571",662,"10/17/2013","","15"
"572",663,"7/4/2017","","0"
"573",664,"12/11/2017","","0"
"574",667,"9/9/2015","","7"
"575",668,"11/28/2016","","4"
"576",671,"11/1/2016","","3"
"577",672,"8/29/2017","","0"
"578",673,"7/10/2017","","0"
"579",674,"9/14/2016","","2"
"580",677,"5/21/2012","","15"
"581",678,"8/23/2017","","1"
"582",680,"7/28/2011","","22"
"583",681,"8/29/2017","","2"
"584",682,"7/19/2016","","3"
"585",683,"10/6/2015","","5"
"586",684,"6/30/2017","","1"
"587",686,"11/2/2016","","2"
"588",687,"10/4/2016","","2"
"589",688,"6/16/2015","","7"
"590",689,"10/14/2015","12/31/2015","4"
"591",690,"12/10/2015","","5"
"592",691,"6/28/2017","","0"
"593",692,"12/18/2014","","6"
"594",693,"7/26/2012","","19"
"595",694,"7/29/2016","","4"
"596",695,"8/3/2017","","0"
"597",696,"3/16/2017","","0"
"598",697,"7/14/2016","","5"
"599",698,"5/1/2017","","3"
"600",700,"12/26/2014","","8"
"601",701,"1/12/2016","","5"
"602",702,"6/30/2016","","3"
"603",703,"4/25/2013","","17"
"604",704,"5/25/2015","","8"
"605",705,"10/3/2016","","3"
"606",706,"7/6/2017","","0"
"607",707,"5/21/2015","","5"
"608",708,"11/21/2016","","3"
"609",709,"8/4/2015","","5"
"610",710,"2/6/2017","","2"
"611",711,"12/28/2017","","0"
"612",712,"8/21/2017","","2"
"613",713,"1/30/2015","","9"
"614",714,"11/8/2016","","4"
"615",715,"12/19/2017","","0"
"616",716,"11/10/2014","","12"
"617",718,"4/26/2013","","16"
"618",721,"5/29/2017","","1"
"619",722,"11/13/2015","","6"
"620",723,"7/27/2015","","7"
"621",724,"9/13/2017","","0"
"622",725,"8/7/2017","","0"
"623",726,"1/9/2014","","8"
"624",727,"5/21/2016","","3"
"625",729,"9/4/2017","","0"
"626",731,"9/22/2015","","4"
"627",733,"12/14/2017","","0"
"628",734,"10/24/2016","","5"
"629",735,"8/8/2016","","3"
"630",736,"10/3/2015","","4"
"631",737,"8/9/2017","","1"
"632",738,"5/5/2017","","0"
"633",739,"6/19/2014","","12"
"634",740,"6/12/2017","","0"
"635",742,"9/6/2017","","0"
"636",743,"1/3/2017","","0"
"637",744,"1/21/2015","","5"
"638",745,"10/24/2016","","2"
"639",747,"11/25/2013","","13"
"640",748,"11/28/2017","","0"
"641",751,"11/15/2017","","0"
"642",752,"5/3/2017","","1"
"643",753,"10/16/2014","","10"
"644",754,"10/18/2017","","0"
"645",755,"12/30/2016","","3"
"646",756,"5/26/2016","","3"
"647",757,"7/11/2014","","11"
"648",758,"8/31/2016","","3"
"649",759,"12/8/2016","","3"
"650",761,"6/12/2017","","0"
"651",762,"4/26/2013","","12"
"652",763,"11/21/2017","","0"
"653",764,"11/30/2015","","4"
"654",765,"11/28/2013","","18"
"655",766,"7/29/2016","","3"
"656",767,"5/23/2014","","12"
"657",768,"4/25/2017","","1"
"658",769,"11/1/2017","","0"
"659",770,"7/5/2016","","4"
"660",771,"7/11/2017","","0"
"661",772,"7/8/2016","","5"
"662",773,"10/28/2016","","2"
"663",776,"6/9/2017","","1"
"664",777,"11/28/2016","","3"
"665",778,"6/13/2016","","2"
"666",779,"4/5/2017","","0"
"667",781,"12/21/2016","","3"
"668",782,"6/14/2017","","2"
"669",783,"12/10/2012","","16"
"670",784,"4/6/2017","","0"
"671",785,"7/17/2017","","2"
"672",787,"8/30/2016","","4"
"673",789,"11/27/2015","","9"
"674",790,"11/11/2015","","6"
"675",791,"10/15/2012","","18"
"676",792,"12/10/2016","","2"
"677",793,"10/30/2017","","0"
"678",794,"5/28/2012","","15"
"679",796,"11/8/2012","","14"
"680",797,"8/10/2015","","5"
"681",798,"8/29/2015","1/9/2016","5"
"682",799,"12/6/2016","","2"
"683",800,"6/30/2016","","3"
"684",801,"8/21/2017","","1"
"685",802,"12/12/2017","","0"
"686",803,"4/14/2017","","0"
"687",804,"11/11/2016","","3"
"688",805,"1/13/2016","","3"
"689",806,"6/2/2017","","2"
"690",807,"10/11/2017","","0"
"691",808,"5/15/2017","","0"
"692",810,"12/4/2017","","0"
"693",811,"10/31/2016","","2"
"694",812,"10/5/2015","","4"
"695",813,"3/2/2017","","0"
"696",814,"11/16/2017","","0"
"697",816,"12/12/2017","","0"
"698",818,"8/8/2016","","2"
"699",819,"11/1/2010","","26"
"700",820,"5/23/2015","","7"
"701",821,"8/16/2012","","19"
"702",822,"7/20/2016","","2"
"703",824,"12/14/2017","","0"
"704",825,"12/11/2017","","0"
"705",826,"5/9/2015","","6"
"706",827,"12/13/2016","","2"
"707",828,"1/2/2017","","2"
"708",829,"6/9/2016","","3"
"709",830,"7/20/2015","","7"
"710",831,"7/21/2016","","3"
"711",832,"6/3/2015","","7"
"712",834,"12/7/2017","","0"
"713",835,"12/12/2016","","5"
"714",836,"1/30/2015","","6"
"715",838,"10/3/2015","","4"
"716",839,"8/8/2016","","2"
"717",840,"7/11/2011","","21"
"718",841,"8/9/2017","","0"
"719",842,"7/26/2012","","20"
"720",843,"2/20/2015","","9"
"721",844,"8/15/2016","","2"
"722",845,"5/30/2017","","1"
"723",847,"9/26/2016","","2"
"724",848,"2/11/2017","","2"
"725",849,"7/10/2017","","2"
"726",850,"6/21/2012","","17"
"727",851,"11/30/2015","","4"
"728",852,"4/4/2017","","0"
"729",853,"8/15/2017","","0"
"730",855,"5/9/2017","","0"
"731",856,"4/26/2013","","16"
"732",858,"5/17/2017","","0"
"733",859,"1/5/2016","","3"
"734",860,"7/3/2015","","4"
"735",863,"8/24/2016","","2"
"736",864,"6/20/2016","","4"
"737",865,"6/7/2017","","1"
"738",866,"2/9/2016","","3"
"739",867,"9/28/2017","","3"
"740",868,"12/7/2015","","5"
"741",869,"12/8/2015","","4"
"742",870,"7/23/2012","","19"
"743",871,"1/20/2017","","0"
"744",872,"10/16/2015","1/1/2016","4"
"745",873,"3/23/2016","","8"
"746",874,"4/14/2017","","0"
"747",875,"8/14/2017","","0"
"748",876,"7/7/2015","","7"
"749",877,"8/8/2015","1/13/2016","5"
"750",879,"7/3/2015","","7"
"751",881,"6/4/2015","","6"
"752",882,"10/12/2010","","22"
"753",883,"10/19/2015","","4"
"754",885,"10/9/2017","","0"
"755",886,"9/23/2015","","4"
"756",887,"11/5/2016","","3"
"757",888,"6/16/2015","","9"
"758",889,"6/28/2017","","0"
"759",890,"7/8/2014","","8"
"760",892,"9/10/2014","","9"
"761",893,"5/27/2013","","14"
"762",894,"1/5/2016","","3"
"763",895,"9/13/2016","","2"
"764",896,"8/21/2015","","4"
"765",897,"10/29/2015","","7"
"766",899,"6/16/2015","","4"
"767",901,"11/7/2015","","6"
"768",902,"9/4/2017","","0"
"769",904,"6/5/2015","","8"
"770",905,"7/31/2017","","0"
"771",906,"8/30/2016","","5"
"772",907,"8/8/2016","","2"
"773",908,"10/21/2015","","8"
"774",909,"7/11/2015","","5"
"775",910,"9/21/2015","","6"
"776",912,"12/14/2016","","3"
"777",913,"12/15/2017","","0"
"778",914,"9/12/2016","","2"
"779",915,"1/28/2013","","9"
"780",916,"9/1/2016","","2"
"781",917,"5/30/2016","","4"
"782",918,"8/30/2017","9/5/2017","0"
"783",919,"8/7/2017","","0"
"784",920,"10/14/2016","","2"
"785",921,"11/14/2016","","2"
"786",922,"10/19/2015","","4"
"787",923,"1/2/2017","","0"
"788",924,"5/8/2015","","8"
"789",926,"1/7/2013","","12"
"790",927,"5/4/2017","","0"
"791",928,"1/20/2017","","0"
"792",929,"7/14/2015","12/31/2015","5"
"793",930,"10/16/2015","1/2/2016","4"
"794",931,"11/1/2016","","5"
"795",933,"11/7/2016","","5"
"796",935,"10/22/2015","","7"
"797",936,"9/5/2017","","0"
"798",937,"5/7/2015","","6"
"799",938,"3/4/2017","","1"
"800",939,"7/30/2012","","18"
"801",940,"5/1/2017","","0"
"802",941,"5/8/2017","","0"
"803",942,"2/13/2017","","0"
"804",943,"9/29/2015","","7"
"805",944,"7/11/2014","","12"
"806",945,"5/29/2012","","18"
"807",946,"4/25/2013","","14"
"808",947,"4/12/2017","","0"
"809",948,"1/9/2016","","2"
"810",949,"5/23/2017","","0"
"811",951,"10/31/2016","","3"
"812",952,"11/28/2017","","0"
"813",953,"6/1/2016","","2"
"814",954,"8/29/2011","","19"
"815",955,"3/30/2017","","0"
"816",956,"10/19/2016","","5"
"817",958,"6/5/2017","","0"
"818",959,"7/31/2017","","1"
"819",960,"6/12/2017","","1"
"820",961,"12/14/2015","","4"
"821",962,"12/8/2015","1/13/2016","4"
"822",963,"10/30/2017","","0"
"823",964,"7/11/2016","","2"
"824",965,"5/13/2013","","14"
"825",967,"10/5/2015","12/31/2015","5"
"826",968,"9/17/2015","","4"
"827",970,"9/28/2017","","0"
"828",971,"11/30/2015","","5"
"829",972,"1/25/2013","","12"
"830",973,"7/23/2012","","19"
"831",974,"8/3/2015","","6"
"832",975,"9/22/2016","","2"
"833",977,"10/4/2016","","4"
"834",978,"1/5/2016","","3"
"835",979,"7/21/2016","","3"
"836",980,"9/28/2017","","0"
"837",981,"6/30/2017","","0"
"838",982,"7/31/2017","","0"
"839",984,"5/20/2015","","9"
"840",985,"12/11/2013","","10"
"841",988,"8/4/2017","","0"
"842",990,"12/6/2012","","20"
"843",991,"1/4/2017","","2"
"844",992,"7/20/2016","","3"
"845",994,"12/25/2014","","8"
"846",995,"5/1/2013","","13"
"847",996,"5/18/2015","","4"
"848",997,"10/21/2014","","8"
"849",998,"6/2/2015","","5"
"850",999,"5/5/2017","","1"
"851",1000,"11/28/2016","","2"
"852",1001,"1/12/2015","","8"
"853",1002,"12/28/2015","","4"
"854",1003,"8/24/2015","","4"
"855",1004,"11/18/2015","","5"
"856",1005,"8/10/2015","","4"
"857",1007,"5/3/2017","","0"
"858",1008,"11/29/2016","","2"
"859",1009,"8/29/2016","","3"
"860",1010,"9/27/2010","","28"
"861",1011,"7/11/2017","","0"
"862",1012,"6/24/2017","","0"
"863",1013,"8/29/2016","","4"
"864",1014,"9/28/2017","","1"
"865",1015,"8/3/2017","","0"
"866",1016,"10/15/2012","","16"
"867",1017,"9/17/2012","","14"
"868",1019,"9/27/2017","","0"
"869",1020,"7/12/2016","10/25/2016","4"
"870",1021,"6/20/2017","","0"
"871",1023,"12/24/2016","","5"
"872",1024,"5/9/2017","","0"
"873",1026,"11/17/2017","","0"
"874",1027,"8/5/2016","8/25/2016","2"
"875",1028,"6/14/2017","","0"
"876",1029,"12/18/2017","","0"
"877",1030,"9/22/2015","1/9/2016","4"
"878",1031,"11/7/2011","","18"
"879",1032,"7/31/2017","","0"
"880",1033,"11/16/2016","","3"
"881",1035,"8/18/2015","7/24/2017","8"
"882",1036,"4/20/2017","","0"
"883",1037,"4/27/2013","","18"
"884",1038,"11/11/2016","","3"
"885",1039,"7/5/2012","","21"
"886",1040,"9/8/2016","","2"
"887",1041,"6/19/2017","","0"
"888",1043,"5/14/2012","","18"
"889",1046,"10/11/2010","","22"
"890",1048,"7/17/2017","","0"
"891",1049,"5/9/2015","","7"
"892",1050,"1/7/2015","","8"
"893",1051,"4/30/2013","","14"
"894",1054,"8/9/2017","","0"
"895",1055,"5/26/2015","","5"
"896",1056,"9/11/2017","","2"
"897",1057,"11/12/2016","","5"
"898",1058,"12/30/2016","","2"
"899",1059,"7/13/2015","","4"
"900",1060,"8/18/2016","","2"
"901",1061,"12/27/2016","","2"
"902",1062,"3/30/2017","","0"
"903",1063,"11/30/2016","","5"
"904",1064,"7/18/2016","","3"
"905",1065,"9/27/2010","","22"
"906",1066,"9/15/2017","","0"
"907",1067,"4/25/2013","","13"
"908",1069,"12/10/2015","","6"
"909",1070,"6/2/2017","","1"
"910",1072,"11/21/2013","","11"
"911",1073,"7/31/2017","","2"
"912",1075,"7/27/2015","","5"
"913",1076,"11/30/2016","","3"
"914",1077,"5/27/2015","","7"
"915",1078,"5/2/2017","","1"
"916",1079,"6/28/2017","","0"
"917",1080,"10/22/2015","","4"
"918",1081,"5/14/2015","","4"
"919",1082,"4/14/2017","","0"
"920",1083,"10/28/2016","","2"
"921",1084,"1/13/2016","","2"
"922",1085,"10/10/2015","","6"
"923",1086,"8/31/2017","","0"
"924",1087,"7/31/2017","","2"
"925",1089,"4/5/2017","","0"
"926",1090,"6/27/2011","","22"
"927",1091,"1/3/2015","","7"
"928",1092,"2/10/2015","","7"
"929",1093,"7/23/2012","","18"
"930",1094,"8/1/2015","","6"
"931",1095,"5/9/2015","","5"
"932",1096,"5/22/2017","","0"
"933",1097,"7/18/2017","","2"
"934",1098,"5/29/2017","","1"
"935",1099,"8/2/2017","","1"
"936",1101,"9/9/2015","","6"
"937",1102,"7/13/2017","","0"
"938",1103,"8/7/2017","","0"
"939",1104,"6/1/2017","","3"
"940",1105,"6/2/2015","","5"
"941",1106,"1/29/2013","","14"
"942",1107,"11/21/2017","","0"
"943",1108,"10/22/2015","","5"
"944",1109,"12/3/2012","","19"
"945",1110,"12/8/2016","","2"
"946",1111,"6/2/2010","","27"
"947",1112,"9/28/2015","","5"
"948",1113,"10/10/2016","","2"
"949",1114,"8/1/2017","","1"
"950",1115,"9/28/2017","","0"
"951",1116,"7/31/2017","","0"
"952",1117,"8/5/2015","","5"
"953",1118,"7/31/2017","","2"
"954",1119,"11/16/2016","","4"
"955",1122,"10/11/2016","","3"
"956",1123,"4/30/2013","","14"
"957",1125,"9/28/2017","","1"
"958",1126,"4/17/2017","","0"
"959",1129,"6/4/2015","","9"
"960",1130,"10/31/2016","","2"
"961",1131,"5/7/2015","","6"
"962",1133,"2/11/2017","","0"
"963",1134,"8/2/2016","","4"
"964",1136,"11/30/2015","1/5/2016","5"
"965",1137,"8/17/2017","","1"
"966",1138,"5/29/2017","","0"
"967",1139,"11/11/2015","","7"
"968",1140,"8/1/2015","","4"
"969",1141,"9/15/2015","","5"
"970",1143,"5/14/2015","","8"
"971",1144,"5/1/2017","","2"
"972",1145,"11/28/2017","","0"
"973",1146,"1/30/2017","","0"
"974",1147,"10/15/2012","","17"
"975",1149,"3/29/2017","","1"
"976",1150,"3/13/2017","","1"
"977",1151,"8/29/2016","","2"
"978",1152,"1/5/2016","","2"
"979",1153,"11/3/2017","","0"
"980",1154,"11/24/2015","","4"
"981",1155,"11/6/2015","","4"
"982",1156,"9/17/2015","","4"
"983",1157,"12/7/2017","","0"
"984",1158,"8/5/2016","","4"
"985",1159,"8/7/2017","","1"
"986",1160,"2/21/2017","","0"
"987",1161,"2/8/2014","","11"
"988",1162,"12/14/2017","","0"
"989",1163,"9/15/2015","","4"
"990",1164,"8/4/2014","","8"
"991",1165,"10/1/2015","","11"
"992",1166,"8/7/2017","","0"
"993",1167,"8/25/2014","","9"
"994",1169,"7/31/2017","","1"
"995",1172,"12/1/2016","","3"
"996",1173,"5/6/2013","","11"
"997",1175,"12/6/2014","","9"
"998",1177,"11/1/2016","","4"
"999",1178,"3/9/2017","","1"
"1000",1179,"1/13/2014","","13"
"1001",1180,"6/14/2017","","0"
"1002",1181,"11/5/2012","","21"
"1003",1182,"6/8/2017","","0"
"1004",1183,"1/30/2017","","0"
"1005",1185,"2/10/2015","","5"
"1006",1186,"2/13/2015","1/13/2016","7"
"1007",1187,"7/29/2016","","4"
"1008",1188,"5/3/2010","","24"
"1009",1189,"4/17/2017","","0"
"1010",1190,"10/4/2017","","1"
"1011",1191,"6/23/2014","","14"
"1012",1192,"7/11/2016","","2"
"1013",1193,"11/15/2016","","2"
"1014",1194,"12/13/2017","","0"
"1015",1195,"12/18/2017","","0"
"1016",1196,"11/30/2015","","5"
"1017",1197,"6/21/2016","","3"
"1018",1198,"8/14/2017","","1"
"1019",1199,"9/28/2017","","0"
"1020",1200,"5/1/2017","","1"
"1021",1201,"11/20/2017","","0"
"1022",1202,"6/15/2015","","5"
"1023",1203,"8/2/2017","","0"
"1024",1204,"5/13/2015","","6"
"1025",1205,"7/21/2015","","8"
"1026",1206,"6/28/2016","","6"
"1027",1207,"4/12/2017","4/12/2017","0"
"1028",1208,"1/8/2016","","2"
"1029",1209,"11/30/2017","","0"
"1030",1210,"12/19/2017","","0"
"1031",1211,"6/22/2017","","0"
"1032",1212,"5/16/2015","","9"
"1033",1213,"9/7/2015","","7"
"1034",1214,"8/1/2017","","2"
"1035",1215,"5/29/2017","","0"
"1036",1216,"8/13/2016","","3"
"1037",1217,"8/1/2016","","2"
"1038",1218,"10/13/2016","","2"
"1039",1219,"10/25/2016","","2"
"1040",1220,"11/15/2016","","3"
"1041",1222,"7/13/2016","","5"
"1042",1223,"1/16/2017","","0"
"1043",1224,"9/3/2016","","5"
"1044",1225,"4/25/2013","","12"
"1045",1226,"5/13/2015","","4"
"1046",1227,"11/30/2017","","0"
"1047",1228,"9/8/2016","","3"
"1048",1229,"12/17/2014","","14"
"1049",1230,"5/1/2017","","1"
"1050",1231,"7/31/2017","","1"
"1051",1232,"5/31/2012","","20"
"1052",1233,"6/20/2016","","3"
"1053",1234,"6/29/2015","","7"
"1054",1235,"12/8/2016","","2"
"1055",1236,"11/14/2013","","13"
"1056",1238,"11/26/2012","","19"
"1057",1239,"3/10/2015","","6"
"1058",1242,"2/10/2017","","0"
"1059",1243,"7/18/2013","","16"
"1060",1244,"5/19/2017","","0"
"1061",1245,"7/3/2017","","0"
"1062",1246,"11/18/2015","","5"
"1063",1247,"12/1/2016","","3"
"1064",1248,"7/25/2016","","2"
"1065",1249,"1/14/2017","","2"
"1066",1250,"5/22/2015","","6"
"1067",1251,"7/4/2016","","3"
"1068",1252,"5/30/2017","","0"
"1069",1255,"4/24/2017","","0"
"1070",1258,"7/21/2016","","2"
"1071",1259,"5/7/2015","","9"
"1072",1260,"12/28/2015","","4"
"1073",1261,"11/25/2013","","12"
"1074",1262,"6/16/2015","1/2/2016","5"
"1075",1263,"12/12/2016","","5"
"1076",1264,"4/29/2013","","13"
"1077",1265,"6/24/2015","","8"
"1078",1267,"10/31/2016","","3"
"1079",1268,"9/1/2017","","1"
"1080",1269,"4/27/2013","","14"
"1081",1271,"8/31/2015","","6"
"1082",1272,"7/18/2017","","0"
"1083",1273,"12/7/2017","","0"
"1084",1274,"6/8/2015","","11"
"1085",1275,"9/23/2015","1/25/2016","4"
"1086",1276,"10/21/2016","","3"
"1087",1277,"5/6/2016","","2"
"1088",1278,"4/11/2017","","0"
"1089",1279,"10/26/2015","","4"
"1090",1280,"10/10/2015","","6"
"1091",1281,"8/29/2016","","3"
"1092",1283,"7/30/2016","","4"
"1093",1284,"11/14/2016","","4"
"1094",1285,"10/27/2015","","6"
"1095",1286,"10/2/2017","","1"
"1096",1287,"5/28/2015","","5"
"1097",1288,"10/5/2016","","3"
"1098",1289,"5/30/2015","","6"
"1099",1290,"8/15/2016","","3"
"1100",1294,"9/28/2017","","0"
"1101",1295,"4/29/2013","","11"
"1102",1296,"6/6/2015","","4"
"1103",1297,"12/7/2015","","4"
"1104",1298,"7/4/2016","","3"
"1105",1300,"11/2/2016","","2"
"1106",1301,"7/11/2016","","4"
"1107",1303,"10/26/2016","","2"
"1108",1304,"7/30/2016","","2"
"1109",1305,"10/8/2015","","4"
"1110",1306,"5/22/2015","","5"
"1111",1307,"5/4/2016","5/10/2016","3"
"1112",1308,"9/5/2016","","3"
"1113",1309,"4/4/2016","","4"
"1114",1312,"5/30/2015","","4"
"1115",1314,"5/20/2015","1/25/2016","4"
"1116",1315,"4/25/2016","","4"
"1117",1316,"10/23/2015","","8"
"1118",1318,"8/16/2016","","3"
"1119",1319,"1/19/2017","","0"
"1120",1320,"1/2/2017","","0"
"1121",1321,"5/22/2017","","0"
"1122",1322,"9/28/2017","","0"
"1123",1323,"8/4/2016","","3"
"1124",1324,"11/28/2017","","0"
"1125",1325,"9/4/2017","","0"
"1126",1326,"10/14/2016","","3"
"1127",1327,"6/20/2016","","6"
"1128",1328,"11/29/2017","","0"
"1129",1329,"9/10/2015","12/31/2015","4"
"1130",1330,"7/11/2014","","14"
"1131",1331,"9/29/2015","","4"
"1132",1333,"9/28/2017","","0"
"1133",1334,"7/18/2016","","5"
"1134",1335,"8/13/2012","","21"
"1135",1336,"5/29/2017","","0"
"1136",1337,"7/23/2012","","16"
"1137",1338,"2/1/2017","","0"
"1138",1339,"10/25/2016","","2"
"1139",1340,"11/18/2015","","5"
"1140",1341,"7/31/2017","","1"
"1141",1342,"11/24/2016","","2"
"1142",1343,"10/1/2010","","22"
"1143",1345,"7/18/2017","","0"
"1144",1347,"5/27/2016","","2"
"1145",1348,"6/23/2016","","2"
"1146",1349,"8/19/2014","","11"
"1147",1350,"6/12/2015","1/8/2016","5"
"1148",1351,"11/7/2017","","0"
"1149",1352,"8/1/2017","","0"
"1150",1353,"6/9/2015","","5"
"1151",1354,"10/9/2015","","9"
"1152",1356,"8/8/2016","","3"
"1153",1357,"1/13/2017","","0"
"1154",1358,"12/5/2017","","0"
"1155",1359,"7/5/2016","","2"
"1156",1360,"11/30/2016","","2"
"1157",1361,"11/21/2015","","4"
"1158",1362,"9/28/2016","","2"
"1159",1363,"7/26/2012","","15"
"1160",1364,"4/11/2017","","0"
"1161",1365,"5/25/2016","","3"
"1162",1366,"9/19/2017","","0"
"1163",1369,"1/1/2015","","5"
"1164",1370,"5/22/2015","","7"
"1165",1371,"6/27/2015","","7"
"1166",1372,"7/17/2017","","2"
"1167",1373,"6/6/2016","","2"
"1168",1374,"6/9/2015","","9"
"1169",1375,"9/21/2015","","5"
"1170",1376,"7/9/2015","1/25/2016","4"
"1171",1378,"7/11/2017","","0"
"1172",1379,"11/3/2017","","0"
"1173",1380,"10/30/2015","","6"
"1174",1381,"10/2/2017","","0"
"1175",1382,"7/5/2016","","5"
"1176",1383,"8/2/2016","","2"
"1177",1384,"10/25/2012","","14"
"1178",1385,"4/27/2017","","0"
"1179",1386,"6/25/2016","","3"
"1180",1387,"7/21/2016","","2"
"1181",1388,"12/24/2015","","5"
"1182",1390,"11/28/2013","","12"
"1183",1392,"8/12/2010","","24"
"1184",1393,"6/22/2017","","1"
"1185",1394,"9/17/2015","","5"
"1186",1395,"8/2/2016","","2"
"1187",1396,"5/23/2015","","7"
"1188",1397,"7/4/2016","","3"
"1189",1398,"9/19/2015","1/16/2016","5"
"1190",1399,"7/17/2017","","1"
"1191",1400,"3/2/2017","","0"
"1192",1401,"9/6/2017","","0"
"1193",1402,"2/18/2015","","5"
"1194",1403,"6/29/2015","","6"
"1195",1405,"7/7/2016","","5"
"1196",1406,"4/27/2013","","14"
"1197",1407,"12/9/2016","","3"
"1198",1409,"7/7/2016","","3"
"1199",1410,"7/3/2017","","0"
"1200",1411,"11/15/2016","","4"
"1201",1412,"11/28/2017","","0"
"1202",1413,"5/21/2015","","7"
"1203",1414,"11/6/2014","","11"
"1204",1415,"11/1/2016","","3"
"1205",1416,"9/28/2017","","0"
"1206",1417,"8/15/2016","","3"
"1207",1418,"12/1/2015","","5"
"1208",1419,"7/10/2017","","0"
"1209",1421,"6/28/2017","","0"
"1210",1422,"8/25/2015","","7"
"1211",1424,"8/10/2015","","6"
"1212",1425,"1/28/2015","","4"
"1213",1426,"11/6/2014","","14"
"1214",1428,"8/7/2017","","2"
"1215",1429,"9/12/2015","","5"
"1216",1430,"1/2/2017","","0"
"1217",1431,"11/18/2015","","5"
"1218",1432,"10/13/2015","","8"
"1219",1433,"7/31/2017","","1"
"1220",1434,"9/28/2017","","0"
"1221",1435,"1/2/2016","","2"
"1222",1436,"1/30/2017","","0"
"1223",1437,"11/28/2016","","2"
"1224",1438,"9/28/2017","","1"
"1225",1439,"1/13/2016","","2"
"1226",1441,"11/15/2016","","2"
"1227",1442,"11/11/2016","","2"
"1228",1443,"10/3/2015","","5"
"1229",1444,"11/3/2014","","8"
"1230",1446,"2/9/2012","","20"
"1231",1447,"6/5/2017","","3"
"1232",1448,"11/28/2017","","0"
"1233",1449,"11/16/2016","","2"
"1234",1450,"12/7/2015","","6"
"1235",1451,"8/8/2015","","4"
"1236",1452,"1/14/2017","","2"
"1237",1453,"9/28/2015","","5"
"1238",1454,"4/17/2017","","0"
"1239",1455,"1/11/2017","","0"
"1240",1456,"12/2/2016","","2"
"1241",1457,"7/12/2017","","0"
"1242",1458,"9/1/2015","","6"
"1243",1459,"9/10/2015","","6"
"1244",1461,"9/24/2012","","13"
"1245",1462,"10/16/2017","","0"
"1246",1463,"8/25/2015","","7"
"1247",1464,"7/7/2015","","9"
"1248",1465,"12/3/2015","","5"
"1249",1466,"1/5/2016","","2"
"1250",1468,"9/1/2017","","0"
"1251",1469,"8/30/2016","","3"
"1252",1470,"2/17/2015","","7"
"1253",1471,"5/27/2013","","10"
"1254",1472,"7/18/2011","","22"
"1255",1473,"7/17/2015","","6"
"1256",1474,"10/17/2016","","2"
"1257",1475,"2/1/2017","","2"
"1258",1476,"6/13/2017","","0"
"1259",1477,"7/6/2016","","2"
"1260",1479,"2/6/2017","","3"
"1261",1480,"12/11/2015","1/4/2016","5"
"1262",1481,"1/6/2016","","2"
"1263",1482,"4/11/2017","","0"
"1264",1483,"7/7/2015","","4"
"1265",1484,"9/14/2011","","21"
"1266",1485,"3/29/2017","","0"
"1267",1486,"12/9/2013","","16"
"1268",1487,"12/28/2015","","5"
"1269",1489,"8/18/2017","","2"
"1270",1490,"3/20/2017","","0"
"1271",1491,"4/18/2017","","0"
"1272",1492,"10/4/2017","","0"
"1273",1493,"7/21/2016","","3"
"1274",1494,"5/9/2015","1/7/2016","4"
"1275",1495,"6/29/2017","","0"
"1276",1498,"5/4/2017","","0"
"1277",1500,"6/13/2017","","0"
"1278",1501,"11/17/2017","","0"
"1279",1502,"9/28/2016","","2"
"1280",1504,"3/2/2015","","7"
"1281",1505,"7/3/2017","","1"
"1282",1506,"8/15/2016","","2"
"1283",1507,"10/28/2015","1/25/2016","5"
"1284",1508,"7/21/2010","","24"
"1285",1509,"7/20/2016","","5"
"1286",1510,"7/14/2014","","13"
"1287",1512,"5/5/2016","","3"
"1288",1513,"7/6/2015","","7"
"1289",1514,"8/1/2017","","0"
"1290",1515,"10/31/2017","","0"
"1291",1516,"7/7/2016","","3"
"1292",1517,"9/20/2012","","19"
"1293",1518,"9/1/2017","","0"
"1294",1520,"10/30/2010","","21"
"1295",1521,"12/7/2017","","0"
"1296",1522,"5/8/2017","","1"
"1297",1523,"1/3/2017","","0"
"1298",1524,"9/24/2015","","6"
"1299",1525,"8/17/2015","","5"
"1300",1526,"12/24/2013","","12"
"1301",1527,"5/8/2017","","0"
"1302",1528,"11/30/2015","","5"
"1303",1529,"11/7/2017","","0"
"1304",1530,"7/25/2017","","0"
"1305",1531,"1/21/2014","","7"
"1306",1532,"9/15/2016","","3"
"1307",1533,"9/21/2017","","0"
"1308",1534,"2/23/2017","","2"
"1309",1536,"7/19/2016","","2"
"1310",1540,"4/29/2013","","13"
"1311",1541,"5/15/2017","","0"
"1312",1542,"11/13/2015","","4"
"1313",1543,"6/18/2015","1/16/2016","4"
"1314",1544,"10/31/2016","","2"
"1315",1547,"1/2/2017","","0"
"1316",1548,"10/19/2015","","6"
"1317",1549,"8/30/2012","","19"
"1318",1550,"10/3/2017","","0"
"1319",1553,"6/23/2016","","3"
"1320",1555,"6/23/2015","","7"
"1321",1556,"6/8/2017","","0"
"1322",1557,"5/23/2016","","2"
"1323",1558,"9/29/2015","","7"
"1324",1559,"6/25/2015","","6"
"1325",1560,"8/13/2012","","15"
"1326",1561,"11/15/2016","","2"
"1327",1562,"6/10/2015","","5"
"1328",1563,"6/21/2016","","4"
"1329",1565,"10/23/2015","","6"
"1330",1566,"6/28/2017","","0"
"1331",1567,"7/29/2016","","3"
"1332",1568,"12/11/2017","","0"
"1333",1569,"5/13/2015","","7"
"1334",1570,"10/31/2016","","2"
"1335",1571,"9/28/2016","","2"
"1336",1572,"6/6/2016","","2"
"1337",1573,"7/30/2012","","17"
"1338",1574,"6/28/2016","","2"
"1339",1575,"8/30/2016","9/22/2016","3"
"1340",1576,"4/4/2017","","3"
"1341",1577,"9/17/2016","","2"
"1342",1578,"10/5/2015","","7"
"1343",1579,"12/10/2016","","4"
"1344",1580,"9/5/2016","","2"
"1345",1581,"6/30/2016","6/30/2016","2"
"1346",1582,"8/31/2015","","6"
"1347",1583,"5/7/2015","1/11/2016","4"
"1348",1585,"6/16/2010","","25"
"1349",1586,"9/20/2017","","0"
"1350",1587,"2/17/2015","","7"
"1351",1588,"9/20/2012","","18"
"1352",1589,"10/26/2015","","5"
"1353",1590,"6/5/2017","","0"
"1354",1591,"12/16/2015","1/25/2016","5"
"1355",1592,"5/3/2017","","1"
"1356",1593,"11/23/2017","","0"
"1357",1594,"7/31/2017","","0"
"1358",1595,"8/4/2015","","6"
"1359",1597,"5/31/2012","","14"
"1360",1598,"10/4/2016","","3"
"1361",1599,"7/4/2017","","0"
"1362",1600,"8/13/2016","","5"
"1363",1601,"8/29/2016","","2"
"1364",1602,"9/12/2015","","5"
"1365",1603,"10/14/2015","1/23/2016","4"
"1366",1605,"5/5/2017","","1"
"1367",1606,"8/22/2011","","23"
"1368",1607,"1/10/2017","","1"
"1369",1609,"11/29/2016","","2"
"1370",1610,"5/30/2016","","4"
"1371",1611,"1/8/2015","","7"
"1372",1612,"10/14/2015","","8"
"1373",1613,"1/25/2017","","0"
"1374",1614,"7/9/2015","1/14/2016","5"
"1375",1616,"10/23/2014","","8"
"1376",1617,"3/13/2017","","0"
"1377",1618,"11/3/2017","","0"
"1378",1619,"12/8/2017","","0"
"1379",1621,"1/19/2015","","7"
"1380",1622,"9/28/2017","","0"
"1381",1623,"8/2/2012","","19"
"1382",1624,"12/2/2015","","6"
"1383",1625,"11/22/2017","","0"
"1384",1626,"11/3/2017","","0"
"1385",1627,"6/28/2016","","2"
"1386",1628,"4/20/2017","","0"
"1387",1629,"8/1/2011","","21"
"1388",1630,"12/12/2016","","2"
"1389",1631,"1/13/2015","","10"
"1390",1632,"12/6/2017","","0"
"1391",1633,"11/29/2016","","4"
"1392",1634,"9/14/2017","","0"
"1393",1635,"12/31/2015","","4"
"1394",1636,"3/29/2017","","0"
"1395",1637,"8/3/2017","","0"
"1396",1638,"4/11/2016","","5"
"1397",1639,"9/1/2015","","4"
"1398",1640,"11/9/2016","","5"
"1399",1642,"9/5/2015","","8"
"1400",1643,"9/10/2015","","4"
"1401",1644,"4/28/2011","","22"
"1402",1645,"10/4/2016","","2"
"1403",1646,"5/15/2017","","0"
"1404",1647,"9/3/2015","","4"
"1405",1650,"12/11/2017","","0"
"1406",1651,"10/21/2015","","6"
"1407",1652,"5/1/2017","","0"
"1408",1653,"4/27/2017","","0"
"1409",1655,"8/6/2012","","16"
"1410",1657,"9/6/2012","","18"
"1411",1658,"11/21/2016","","3"
"1412",1659,"8/1/2016","","2"
"1413",1661,"5/17/2013","","8"
"1414",1662,"9/20/2012","","20"
"1415",1663,"11/19/2016","","2"
"1416",1664,"1/28/2013","","15"
"1417",1665,"4/26/2017","","1"
"1418",1666,"7/31/2017","","3"
"1419",1667,"4/2/2016","","3"
"1420",1668,"8/9/2016","","4"
"1421",1669,"9/8/2016","","3"
"1422",1670,"3/7/2015","","7"
"1423",1671,"12/2/2016","","3"
"1424",1672,"1/6/2014","","8"
"1425",1673,"6/23/2015","","8"
"1426",1674,"10/18/2016","","2"
"1427",1675,"7/13/2015","","7"
"1428",1676,"8/2/2017","","0"
"1429",1677,"1/3/2015","","8"
"1430",1678,"11/29/2014","","8"
"1431",1679,"7/27/2015","","8"
"1432",1680,"1/4/2017","","1"
"1433",1681,"8/20/2015","","4"
"1434",1682,"5/29/2017","","1"
"1435",1683,"5/1/2017","","1"
"1436",1685,"8/4/2015","","6"
"1437",1686,"6/9/2017","","0"
"1438",1687,"2/9/2017","","0"
"1439",1688,"8/22/2016","","2"
"1440",1689,"6/22/2016","","3"
"1441",1690,"10/9/2010","","23"
"1442",1692,"8/2/2016","","3"
"1443",1693,"1/9/2017","","1"
"1444",1694,"4/22/2013","","14"
"1445",1695,"3/17/2017","","0"
"1446",1696,"8/29/2017","","0"
"1447",1697,"2/3/2017","","0"
"1448",1699,"7/3/2017","","0"
"1449",1701,"12/19/2016","","3"
"1450",1702,"1/11/2016","","2"
"1451",1703,"7/28/2016","","2"
"1452",1704,"3/21/2015","","11"
"1453",1706,"5/9/2017","","0"
"1454",1707,"9/11/2017","","1"
"1455",1708,"12/15/2017","","0"
"1456",1709,"8/4/2016","","2"
"1457",1710,"10/2/2017","","1"
"1458",1712,"9/4/2017","","0"
"1459",1714,"1/28/2013","","13"
"1460",1715,"1/12/2016","","2"
"1461",1716,"5/17/2013","","16"
"1462",1717,"5/22/2017","","0"
"1463",1718,"10/2/2010","","23"
"1464",1719,"10/1/2015","","6"
"1465",1720,"12/10/2016","","3"
"1466",1721,"9/12/2015","","5"
"1467",1722,"7/30/2012","","17"
"1468",1723,"10/30/2017","","0"
"1469",1724,"9/12/2017","","1"
"1470",1725,"9/28/2017","","0"
"1471",1726,"6/6/2016","","2"
"1472",1727,"6/18/2015","1/1/2016","4"
"1473",1728,"10/18/2017","","0"
"1474",1729,"10/31/2011","","21"
"1475",1730,"5/26/2015","1/11/2016","4"
"1476",1731,"9/27/2010","1/7/2016","22"
"1477",1732,"6/9/2015","1/20/2016","4"
"1478",1733,"4/25/2013","","11"
"1479",1734,"1/13/2015","","6"
"1480",1735,"7/14/2017","","0"
"1481",1736,"12/21/2015","","4"
"1482",1737,"4/11/2017","","0"
"1483",1738,"4/17/2013","","12"
"1484",1739,"5/22/2017","","0"
"1485",1740,"12/5/2017","","0"
"1486",1741,"5/29/2017","","2"
"1487",1742,"5/17/2017","","0"
"1488",1743,"8/11/2015","","8"
"1489",1744,"8/31/2015","1/2/2016","4"
"1490",1745,"12/19/2011","","24"
"1491",1746,"9/24/2015","","7"
"1492",1749,"8/8/2013","","9"
"1493",1751,"8/30/2016","","2"
"1494",1752,"4/17/2017","","2"
"1495",1753,"7/19/2012","","14"
"1496",1754,"1/9/2016","","2"
"1497",1755,"11/12/2016","","2"
"1498",1756,"11/13/2014","","11"
"1499",1757,"3/11/2017","","0"
"1500",1758,"12/30/2016","","3"
"1501",1759,"8/18/2015","1/11/2016","4"
"1502",1760,"12/2/2015","","4"
"1503",1761,"2/18/2013","","12"
"1504",1763,"11/30/2016","","2"
"1505",1764,"8/3/2017","","0"
"1506",1766,"10/24/2017","","1"
"1507",1769,"7/8/2015","","4"
"1508",1770,"5/2/2013","","16"
"1509",1771,"3/1/2017","","0"
"1510",1773,"5/18/2015","","6"
"1511",1774,"6/19/2017","","0"
"1512",1775,"10/30/2017","","0"
"1513",1776,"7/25/2017","","2"
"1514",1778,"6/15/2015","","6"
"1515",1779,"7/4/2017","","0"
"1516",1781,"2/6/2017","","0"
"1517",1782,"11/12/2012","","19"
"1518",1783,"7/31/2015","","10"
"1519",1784,"11/25/2013","","12"
"1520",1785,"7/31/2017","","0"
"1521",1786,"9/23/2015","","5"
"1522",1788,"12/5/2016","","2"
"1523",1789,"7/4/2016","","2"
"1524",1791,"11/17/2017","","0"
"1525",1792,"7/17/2015","","6"
"1526",1793,"5/17/2017","","2"
"1527",1795,"1/22/2015","","7"
"1528",1796,"10/8/2016","","2"
"1529",1797,"12/15/2016","","2"
"1530",1800,"10/8/2016","","2"
"1531",1801,"5/30/2017","","0"
"1532",1802,"11/6/2017","","0"
"1533",1803,"5/9/2015","","4"
"1534",1804,"10/4/2017","","0"
"1535",1805,"5/29/2017","","2"
"1536",1807,"9/19/2017","","0"
"1537",1808,"9/9/2015","","7"
"1538",1809,"6/15/2016","","4"
"1539",1810,"10/5/2015","","11"
"1540",1811,"6/30/2014","","12"
"1541",1812,"12/13/2017","","0"
"1542",1813,"7/12/2016","","3"
"1543",1814,"1/28/2013","","17"
"1544",1815,"9/14/2017","","1"
"1545",1816,"10/19/2015","","4"
"1546",1817,"7/26/2012","","17"
"1547",1818,"5/15/2017","","0"
"1548",1819,"8/29/2017","","0"
"1549",1820,"12/10/2015","1/26/2016","5"
"1550",1823,"8/5/2015","","6"
"1551",1824,"9/23/2015","","6"
"1552",1825,"5/30/2015","","4"
"1553",1826,"7/1/2016","","4"
"1554",1828,"9/6/2017","","1"
"1555",1829,"12/2/2015","","4"
"1556",1830,"1/30/2017","","1"
"1557",1831,"7/13/2017","","0"
"1558",1832,"6/5/2015","","5"
"1559",1834,"6/29/2016","7/12/2016","2"
"1560",1835,"5/7/2015","","7"
"1561",1836,"5/22/2017","","2"
"1562",1837,"6/19/2017","","2"
"1563",1838,"9/14/2015","","4"
"1564",1839,"10/27/2017","","0"
"1565",1840,"11/21/2014","","13"
"1566",1841,"9/2/2011","","24"
"1567",1842,"6/29/2017","","0"
"1568",1843,"2/11/2017","","0"
"1569",1844,"12/21/2015","","4"
"1570",1845,"5/20/2015","","7"
"1571",1846,"6/26/2017","","0"
"1572",1847,"5/12/2015","","5"
"1573",1848,"11/4/2016","","2"
"1574",1849,"1/22/2015","","9"
"1575",1850,"5/5/2017","","0"
"1576",1851,"11/18/2015","","5"
"1577",1852,"6/15/2015","","10"
"1578",1853,"8/9/2012","","21"
"1579",1854,"7/19/2012","","15"
"1580",1855,"12/2/2016","","2"
"1581",1856,"12/2/2014","","13"
"1582",1858,"6/29/2016","","4"
"1583",1859,"12/15/2014","","9"
"1584",1860,"12/1/2016","","2"
"1585",1861,"5/7/2015","1/28/2016","4"
"1586",1862,"1/14/2016","","2"
"1587",1863,"8/9/2017","","0"
"1588",1864,"8/11/2011","","22"
"1589",1865,"11/30/2015","","6"
"1590",1866,"12/10/2016","","2"
"1591",1867,"2/5/2014","","11"
"1592",1868,"3/27/2013","","13"
"1593",1869,"1/4/2017","","1"
"1594",1871,"7/31/2017","","2"
"1595",1872,"3/27/2017","","0"
"1596",1873,"10/2/2017","","0"
"1597",1874,"5/9/2015","","8"
"1598",1875,"1/21/2013","","16"
"1599",1876,"5/2/2015","","4"
"1600",1877,"4/29/2016","","8"
"1601",1878,"12/10/2015","","6"
"1602",1879,"11/1/2014","","9"
"1603",1880,"12/11/2017","","0"
"1604",1882,"11/18/2016","","4"
"1605",1883,"12/28/2016","","3"
"1606",1884,"5/29/2017","","0"
"1607",1886,"7/13/2015","","6"
"1608",1887,"2/7/2014","","8"
"1609",1888,"2/4/2017","","2"
"1610",1889,"2/1/2017","","0"
"1611",1890,"7/22/2016","","3"
"1612",1891,"11/6/2015","1/4/2016","6"
"1613",1892,"7/19/2012","","17"
"1614",1893,"1/20/2014","","9"
"1615",1894,"2/9/2017","","0"
"1616",1895,"6/24/2017","","0"
"1617",1896,"12/7/2015","1/28/2016","5"
"1618",1897,"4/7/2016","","6"
"1619",1898,"8/31/2016","","3"
"1620",1899,"11/26/2014","","7"
"1621",1900,"11/17/2016","","3"
"1622",1901,"7/11/2016","","3"
"1623",1902,"8/7/2017","","0"
"1624",1904,"6/3/2013","","10"
"1625",1905,"8/4/2017","","0"
"1626",1906,"2/19/2015","","8"
"1627",1908,"8/15/2017","","0"
"1628",1909,"11/3/2016","","4"
"1629",1911,"11/2/2016","","5"
"1630",1912,"7/16/2012","","17"
"1631",1913,"12/8/2014","","7"
"1632",1914,"5/24/2017","","0"
"1633",1916,"5/18/2015","","5"
"1634",1917,"6/18/2015","","6"
"1635",1918,"8/14/2014","","13"
"1636",1919,"9/28/2016","","3"
"1637",1922,"10/31/2016","","2"
"1638",1924,"2/12/2015","","7"
"1639",1925,"12/15/2017","","0"
"1640",1926,"1/22/2015","","4"
"1641",1927,"12/11/2014","","11"
"1642",1928,"11/29/2016","","3"
"1643",1929,"12/30/2016","","4"
"1644",1930,"11/28/2013","","12"
"1645",1932,"5/21/2015","","5"
"1646",1933,"10/20/2015","","4"
"1647",1934,"8/29/2016","9/27/2016","2"
"1648",1935,"11/9/2015","","5"
"1649",1936,"9/4/2015","","7"
"1650",1937,"10/6/2016","","4"
"1651",1938,"1/30/2017","","2"
"1652",1939,"11/14/2014","","10"
"1653",1941,"4/7/2017","","1"
"1654",1942,"9/15/2016","","2"
"1655",1944,"3/12/2015","","5"
"1656",1947,"7/6/2016","","2"
"1657",1948,"9/21/2017","","0"
"1658",1949,"10/29/2016","","4"
"1659",1950,"1/10/2017","1/17/2017","0"
"1660",1951,"5/30/2016","","3"
"1661",1952,"7/8/2014","","8"
"1662",1954,"10/7/2016","","3"
"1663",1955,"12/11/2017","","0"
"1664",1956,"7/17/2017","","0"
"1665",1957,"9/6/2012","","14"
"1666",1958,"11/30/2016","","3"
"1667",1959,"6/19/2015","","6"
"1668",1960,"2/10/2017","","0"
"1669",1962,"7/31/2017","","1"
"1670",1963,"7/17/2017","","0"
"1671",1965,"9/28/2017","","1"
"1672",1967,"6/18/2015","","4"
"1673",1968,"7/13/2015","","7"
"1674",1970,"12/21/2015","","5"
"1675",1971,"12/20/2017","","0"
"1676",1972,"2/1/2017","","1"
"1677",1973,"11/30/2015","","4"
"1678",1975,"6/20/2016","","3"
"1679",1976,"7/31/2015","1/23/2016","5"
"1680",1977,"9/17/2016","","4"
"1681",1978,"12/9/2015","1/19/2016","4"
"1682",1979,"9/12/2015","","4"
"1683",1980,"5/5/2017","","0"
"1684",1981,"8/18/2017","","1"
"1685",1982,"11/5/2016","","4"
"1686",1983,"7/2/2015","","7"
"1687",1984,"11/7/2016","","2"
"1688",1987,"10/21/2015","","6"
"1689",1988,"6/13/2016","","3"
"1690",1989,"1/25/2017","","2"
"1691",1990,"5/4/2015","","6"
"1692",1991,"6/29/2016","","3"
"1693",1992,"12/26/2015","","5"
"1694",1993,"3/11/2017","","0"
"1695",1994,"7/10/2017","","0"
"1696",1995,"1/6/2016","","2"
"1697",1996,"5/23/2015","","6"
"1698",1997,"5/19/2015","","9"
"1699",1998,"11/7/2016","","2"
"1700",1999,"10/30/2017","","0"
"1701",2000,"8/24/2016","","3"
"1702",2001,"8/7/2017","","0"
"1703",2002,"6/18/2010","","24"
"1704",2003,"9/28/2017","","0"
"1705",2005,"11/17/2016","","2"
"1706",2007,"6/28/2017","","0"
"1707",2008,"12/26/2014","","11"
"1708",2009,"12/7/2016","","2"
"1709",2010,"12/30/2016","","4"
"1710",2012,"1/9/2017","","1"
"1711",2013,"5/15/2015","","6"
"1712",2014,"2/7/2017","","1"
"1713",2015,"3/16/2015","1/5/2016","4"
"1714",2016,"4/29/2013","","10"
"1715",2017,"9/12/2013","","13"
"1716",2018,"10/2/2017","","0"
"1717",2019,"6/10/2016","","3"
"1718",2020,"1/30/2017","","0"
"1719",2021,"5/5/2015","","7"
"1720",2022,"9/2/2016","","3"
"1721",2023,"6/19/2015","1/9/2016","5"
"1722",2024,"10/7/2016","","2"
"1723",2025,"11/18/2016","","3"
"1724",2026,"10/11/2017","","0"
"1725",2027,"10/8/2012","","21"
"1726",2028,"12/22/2015","","8"
"1727",2030,"12/5/2017","","0"
"1728",2031,"5/26/2015","","5"
"1729",2032,"10/27/2017","","1"
"1730",2033,"7/31/2015","","6"
"1731",2034,"5/14/2015","","8"
"1732",2035,"5/22/2015","","7"
"1733",2036,"11/30/2015","1/26/2016","5"
"1734",2037,"10/4/2016","","3"
"1735",2038,"1/19/2016","","2"
"1736",2039,"12/15/2017","","0"
"1737",2040,"3/3/2015","","5"
"1738",2041,"6/12/2017","","0"
"1739",2043,"9/18/2017","","2"
"1740",2044,"11/15/2016","","2"
"1741",2045,"5/9/2017","","1"
"1742",2047,"8/9/2016","","5"
"1743",2049,"10/24/2011","","23"
"1744",2050,"10/31/2016","","5"
"1745",2052,"4/13/2017","","1"
"1746",2053,"6/5/2017","","0"
"1747",2054,"7/7/2017","","0"
"1748",2055,"1/2/2016","","5"
"1749",2056,"5/29/2017","","0"
"1750",2057,"10/30/2015","","5"
"1751",2058,"9/26/2017","","0"
"1752",2059,"9/8/2017","","0"
"1753",2060,"12/18/2017","","0"
"1754",2061,"6/6/2016","","4"
"1755",2062,"3/31/2017","","2"
"1756",2063,"4/27/2017","","0"
"1757",2064,"10/1/2015","","6"
"1758",2065,"12/4/2015","1/15/2016","5"
"1759",2066,"2/21/2013","","11"
"1760",2067,"6/23/2017","","0"
"1761",2068,"6/12/2015","1/2/2016","4"
"1762",2069,"6/12/2015","","4"
"1763",2070,"1/30/2012","","18"
"1764",2071,"6/28/2017","10/14/2017","2"
"1765",2073,"12/31/2015","10/7/2016","5"
"1766",2074,"8/17/2016","","2"
"1767",2076,"8/15/2013","","15"
"1768",2078,"5/29/2017","","3"
"1769",2082,"5/30/2017","","1"
"1770",2083,"6/6/2016","","3"
"1771",2084,"10/12/2017","","0"
"1772",2085,"7/18/2015","","6"
"1773",2086,"9/26/2015","1/23/2016","4"
"1774",2087,"8/20/2012","","20"
"1775",2088,"12/27/2017","","0"
"1776",2089,"7/31/2017","","1"
"1777",2090,"7/31/2017","","0"
"1778",2091,"9/11/2015","","6"
"1779",2092,"12/6/2016","","5"
"1780",2093,"10/8/2016","","2"
"1781",2094,"12/17/2015","","4"
"1782",2095,"10/29/2016","","2"
"1783",2096,"5/3/2017","","0"
"1784",2097,"7/31/2017","","0"
"1785",2098,"4/2/2010","","24"
"1786",2100,"5/8/2015","","8"
"1787",2101,"9/19/2016","","3"
"1788",2102,"7/30/2012","","17"
"1789",2103,"7/12/2017","","1"
"1790",2104,"4/30/2013","","16"
"1791",2105,"1/15/2016","","2"
"1792",2106,"10/26/2015","","5"
"1793",2108,"11/30/2016","","2"
"1794",2109,"10/8/2016","","4"
"1795",2110,"1/21/2013","","12"
"1796",2113,"9/13/2016","","2"
"1797",2114,"6/24/2013","","16"
"1798",2115,"10/23/2015","","5"
"1799",2116,"8/20/2015","","5"
"1800",2117,"10/8/2015","","5"
"1801",2118,"6/28/2016","","4"
"1802",2120,"7/25/2016","","3"
"1803",2121,"11/18/2015","","4"
"1804",2122,"10/24/2015","","5"
"1805",2123,"12/11/2015","","5"
"1806",2124,"8/22/2015","","7"
"1807",2125,"10/2/2015","","6"
"1808",2126,"1/2/2017","","0"
"1809",2127,"6/13/2017","","0"
"1810",2128,"8/21/2015","","5"
"1811",2129,"7/30/2012","","13"
"1812",2130,"11/5/2012","","12"
"1813",2131,"11/8/2016","","2"
"1814",2132,"10/8/2016","","2"
"1815",2133,"5/29/2017","","0"
"1816",2134,"10/30/2010","","27"
"1817",2135,"8/14/2017","","0"
"1818",2137,"11/14/2011","","19"
"1819",2138,"7/30/2015","1/5/2016","4"
"1820",2139,"9/4/2017","","1"
"1821",2140,"11/28/2017","","0"
"1822",2141,"6/28/2017","","0"
"1823",2142,"10/25/2012","","13"
"1824",2143,"1/18/2017","","0"
"1825",2144,"2/24/2015","","5"
"1826",2145,"1/14/2017","","0"
"1827",2146,"6/28/2017","","0"
"1828",2148,"7/29/2016","","5"
"1829",2151,"5/13/2015","","8"
"1830",2152,"9/14/2015","","4"
"1831",2153,"10/16/2017","","0"
"1832",2154,"1/3/2013","","12"
"1833",2155,"10/30/2015","","5"
"1834",2156,"10/12/2015","","6"
"1835",2157,"5/29/2015","","5"
"1836",2159,"7/3/2015","","5"
"1837",2160,"6/20/2016","","4"
"1838",2161,"6/28/2016","","3"
"1839",2162,"5/6/2013","","11"
"1840",2163,"9/28/2016","","2"
"1841",2164,"11/18/2016","","2"
"1842",2165,"8/18/2016","","2"
"1843",2166,"7/9/2015","","6"
"1844",2167,"4/27/2013","","13"
"1845",2168,"11/27/2014","","8"
"1846",2169,"6/27/2017","","0"
"1847",2170,"10/22/2015","","5"
"1848",2171,"7/2/2016","7/22/2016","3"
"1849",2172,"2/10/2014","","9"
"1850",2173,"4/10/2017","","0"
"1851",2174,"5/18/2015","","6"
"1852",2175,"7/22/2017","","0"
"1853",2176,"5/6/2013","","9"
"1854",2178,"7/6/2017","","1"
"1855",2179,"4/25/2013","","13"
"1856",2180,"8/25/2015","","5"
"1857",2181,"11/24/2016","","2"
"1858",2182,"7/17/2015","","7"
"1859",2183,"6/27/2017","","0"
"1860",2186,"8/13/2013","","13"
"1861",2187,"6/15/2016","","2"
"1862",2188,"8/9/2017","","0"
"1863",2189,"10/23/2010","","27"
"1864",2190,"4/25/2013","","11"
"1865",2191,"10/30/2017","","0"
"1866",2192,"10/7/2016","","3"
"1867",2193,"12/12/2016","","5"
"1868",2194,"9/29/2010","","21"
"1869",2195,"7/7/2017","","0"
"1870",2196,"10/6/2010","","25"
"1871",2197,"2/12/2015","","5"
"1872",2198,"1/9/2016","","8"
"1873",2199,"2/27/2017","","2"
"1874",2200,"6/21/2013","","16"
"1875",2201,"10/21/2015","","6"
"1876",2202,"9/18/2017","","0"
"1877",2203,"3/8/2017","","0"
"1878",2204,"1/13/2015","","6"
"1879",2205,"4/21/2017","","2"
"1880",2206,"8/24/2016","","3"
"1881",2207,"1/6/2016","","2"
"1882",2208,"5/31/2017","","0"
"1883",2209,"1/5/2015","","5"
"1884",2210,"3/30/2016","","8"
"1885",2211,"1/19/2015","","7"
"1886",2213,"5/4/2015","","6"
"1887",2214,"7/11/2017","","0"
"1888",2215,"5/21/2015","","5"
"1889",2216,"5/1/2017","","0"
"1890",2217,"5/5/2017","","1"
"1891",2218,"5/18/2017","","0"
"1892",2219,"12/19/2014","","12"
"1893",2220,"1/19/2017","","0"
"1894",2221,"1/28/2016","","3"
"1895",2223,"10/21/2015","","7"
"1896",2224,"8/27/2015","","7"
"1897",2225,"10/11/2014","","8"
"1898",2226,"1/2/2017","4/18/2017","1"
"1899",2227,"2/4/2017","","0"
"1900",2228,"7/21/2015","","9"
"1901",2229,"5/4/2017","","0"
"1902",2230,"9/6/2017","","0"
"1903",2231,"2/28/2012","","16"
"1904",2232,"6/6/2015","","9"
"1905",2233,"12/19/2017","","0"
"1906",2235,"6/8/2015","","4"
"1907",2236,"8/9/2012","","16"
"1908",2238,"8/8/2017","","0"
"1909",2239,"11/28/2017","","0"
"1910",2240,"8/10/2017","","2"
"1911",2241,"11/17/2016","","4"
"1912",2242,"1/5/2016","","2"
"1913",2245,"2/6/2017","2/22/2017","0"
"1914",2246,"10/10/2016","","2"
"1915",2247,"5/4/2015","","4"
"1916",2248,"5/1/2017","","0"
"1917",2249,"5/29/2017","","0"
"1918",2250,"11/1/2016","","2"
"1919",2251,"10/23/2010","","24"
"1920",2252,"6/16/2015","","6"
"1921",2253,"8/17/2015","","8"
"1922",2254,"8/7/2017","","0"
"1923",2255,"11/6/2010","","26"
"1924",2256,"10/7/2015","","6"
"1925",2257,"2/24/2015","","8"
"1926",2258,"11/28/2016","","5"
"1927",2259,"2/10/2014","","13"
"1928",2260,"10/10/2017","","0"
"1929",2261,"12/21/2017","","0"
"1930",2263,"7/17/2015","","6"
"1931",2264,"5/29/2012","","15"
"1932",2265,"8/13/2016","","3"
"1933",2267,"2/20/2016","","7"
"1934",2268,"11/1/2012","","18"
"1935",2269,"4/14/2017","","0"
"1936",2270,"8/29/2017","","0"
"1937",2271,"7/28/2015","","7"
"1938",2272,"2/16/2016","","7"
"1939",2273,"5/22/2017","","1"
"1940",2274,"11/23/2015","","4"
"1941",2276,"7/13/2017","","1"
"1942",2277,"9/8/2017","","0"
"1943",2278,"7/27/2015","","5"
"1944",2279,"11/7/2017","","0"
"1945",2281,"10/6/2016","10/25/2016","2"
"1946",2282,"6/30/2016","","2"
"1947",2283,"11/10/2014","","11"
"1948",2284,"8/15/2011","","17"
"1949",2285,"7/8/2015","","5"
"1950",2286,"7/7/2016","","2"
"1951",2287,"8/15/2016","","3"
"1952",2288,"12/15/2015","","4"
"1953",2289,"1/12/2015","","8"
"1954",2290,"11/28/2017","","0"
"1955",2291,"2/28/2015","","6"
"1956",2292,"6/23/2015","1/1/2016","4"
"1957",2294,"9/28/2016","","2"
"1958",2295,"11/8/2016","","3"
"1959",2296,"1/31/2017","","0"
"1960",2298,"12/8/2017","","0"
"1961",2299,"11/19/2012","","20"
"1962",2300,"7/29/2016","","2"
"1963",2302,"5/8/2017","","0"
"1964",2303,"9/28/2016","","3"
"1965",2304,"9/12/2016","","3"
"1966",2306,"6/23/2015","","7"
"1967",2307,"11/6/2017","","0"
"1968",2308,"5/8/2015","","9"
"1969",2309,"5/31/2016","","2"
"1970",2310,"11/1/2016","","2"
"1971",2311,"9/1/2017","","0"
"1972",2313,"5/18/2016","5/21/2016","2"
"1973",2314,"10/18/2010","","24"
"1974",2315,"10/14/2016","","3"
"1975",2318,"12/12/2016","","5"
"1976",2319,"5/21/2015","","5"
"1977",2320,"1/12/2017","","0"
"1978",2321,"12/15/2015","1/14/2016","4"
"1979",2322,"7/19/2017","","2"
"1980",2323,"5/5/2017","","0"
"1981",2324,"10/8/2015","1/25/2016","4"
"1982",2326,"11/28/2016","","4"
"1983",2327,"10/14/2016","","3"
"1984",2329,"2/10/2017","","0"
"1985",2330,"7/17/2017","","0"
"1986",2331,"8/9/2017","","0"
"1987",2332,"11/21/2016","","2"
"1988",2333,"4/11/2017","","0"
"1989",2334,"11/29/2016","","3"
"1990",2335,"6/20/2016","","2"
"1991",2336,"6/21/2016","","2"
"1992",2338,"6/12/2017","","0"
"1993",2339,"5/29/2017","","0"
"1994",2340,"12/3/2015","","5"
"1995",2342,"6/18/2015","","7"
"1996",2343,"9/25/2017","","0"
"1997",2344,"6/21/2017","","2"
"1998",2345,"8/9/2017","","0"
"1999",2346,"10/31/2016","11/25/2016","3"
"2000",2347,"4/24/2017","","2"
"2001",2348,"11/13/2017","","0"
"2002",2350,"11/20/2015","","4"
"2003",2351,"10/19/2016","","2"
"2004",2354,"2/12/2014","","11"
"2005",2355,"9/17/2015","","7"
"2006",2356,"1/6/2017","","0"
"2007",2357,"8/31/2016","","3"
"2008",2358,"5/26/2015","","5"
"2009",2360,"12/14/2017","","0"
"2010",2361,"11/9/2016","","2"
"2011",2362,"8/20/2012","","16"
"2012",2363,"10/31/2016","","2"
"2013",2364,"1/15/2016","","3"
"2014",2365,"8/7/2012","","20"
"2015",2366,"2/6/2017","","0"
"2016",2367,"4/18/2013","","12"
"2017",2368,"3/1/2017","","0"
"2018",2369,"3/6/2017","","1"
"2019",2370,"7/17/2017","","0"
"2020",2371,"1/28/2013","","12"
"2021",2372,"5/23/2017","","0"
"2022",2373,"12/4/2015","","5"
"2023",2375,"5/22/2015","1/6/2016","4"
"2024",2377,"4/29/2013","","8"
"2025",2378,"9/4/2017","","0"
"2026",2379,"4/24/2017","","3"
"2027",2380,"11/28/2014","","14"
"2028",2381,"12/25/2014","","12"
"2029",2382,"11/18/2016","","3"
"2030",2384,"8/20/2015","","5"
"2031",2385,"10/7/2015","","6"
"2032",2386,"4/19/2017","","2"
"2033",2387,"6/30/2014","","9"
"2034",2388,"7/7/2017","","0"
"2035",2390,"5/30/2015","","7"
"2036",2391,"9/12/2016","","3"
"2037",2392,"8/29/2016","","2"
"2038",2393,"8/8/2017","","0"
"2039",2394,"9/12/2015","","8"
"2040",2395,"10/11/2017","","0"
"2041",2396,"6/21/2017","","0"
"2042",2397,"5/15/2017","5/15/2017","0"
"2043",2398,"6/2/2016","","5"
"2044",2399,"7/3/2015","","6"
"2045",2400,"8/6/2012","","14"
"2046",2402,"7/24/2017","","0"
"2047",2403,"5/4/2015","","7"
"2048",2404,"12/12/2016","","2"
"2049",2405,"1/26/2016","","1"
"2050",2406,"2/17/2016","","2"
"2051",2407,"10/20/2015","","9"
"2052",2408,"5/1/2013","","17"
"2053",2409,"5/6/2015","","5"
"2054",2410,"8/17/2016","","2"
"2055",2411,"11/22/2017","","0"
"2056",2412,"6/11/2016","","3"
"2057",2413,"11/12/2012","","19"
"2058",2414,"5/25/2017","","0"
"2059",2415,"11/28/2016","","3"
"2060",2416,"5/4/2015","","6"
"2061",2417,"10/17/2016","","3"
"2062",2418,"9/26/2017","","0"
"2063",2419,"11/16/2015","","4"
"2064",2420,"7/30/2012","","22"
"2065",2421,"1/7/2013","","10"
"2066",2422,"8/26/2011","","23"
"2067",2423,"8/7/2017","","1"
"2068",2424,"8/9/2017","","0"
"2069",2425,"7/13/2017","","0"
"2070",2426,"9/28/2017","","0"
"2071",2427,"12/28/2015","1/13/2016","5"
"2072",2428,"11/29/2017","","0"
"2073",2429,"11/8/2016","","2"
"2074",2430,"4/13/2017","","0"
"2075",2431,"10/20/2015","1/19/2016","4"
"2076",2432,"10/25/2012","","16"
"2077",2433,"3/29/2017","","0"
"2078",2435,"1/28/2017","","0"
"2079",2436,"7/10/2017","","1"
"2080",2438,"1/1/2015","","5"
"2081",2439,"7/31/2017","","1"
"2082",2440,"9/7/2017","","1"
"2083",2441,"9/2/2016","","2"
"2084",2442,"10/11/2016","","4"
"2085",2443,"11/25/2014","","9"
"2086",2445,"6/26/2015","","7"
"2087",2446,"5/29/2017","","2"
"2088",2447,"7/10/2017","","0"
"2089",2448,"5/24/2016","","4"
"2090",2449,"5/1/2017","","2"
"2091",2450,"7/2/2015","1/18/2016","4"
"2092",2451,"1/3/2015","","7"
"2093",2453,"11/12/2016","","4"
"2094",2454,"1/3/2013","","12"
"2095",2455,"6/18/2014","","14"
"2096",2457,"9/7/2015","","7"
"2097",2458,"8/10/2015","","5"
"2098",2459,"12/7/2016","","2"
"2099",2460,"5/17/2017","","0"
"2100",2461,"12/2/2016","","2"
"2101",2464,"5/22/2017","","1"
"2102",2465,"5/31/2016","","2"
"2103",2467,"1/31/2017","","0"
"2104",2468,"4/5/2017","","1"
"2105",2469,"11/13/2017","","0"
"2106",2470,"2/27/2015","","7"
"2107",2471,"4/6/2017","","0"
"2108",2472,"10/2/2015","","4"
"2109",2473,"6/13/2016","","3"
"2110",2474,"6/28/2017","","0"
"2111",2475,"11/4/2016","","5"
"2112",2476,"3/16/2017","","0"
"2113",2478,"6/11/2015","","6"
"2114",2480,"11/21/2016","","4"
"2115",2481,"2/12/2015","","5"
"2116",2482,"4/13/2017","","0"
"2117",2483,"4/18/2017","","2"
"2118",2484,"10/11/2016","4/12/2017","4"
"2119",2485,"6/2/2015","","6"
"2120",2486,"12/5/2016","","5"
"2121",2487,"10/12/2010","","28"
"2122",2488,"7/20/2015","","9"
"2123",2489,"2/25/2014","","9"
"2124",2490,"11/21/2016","","3"
"2125",2491,"12/30/2016","","2"
"2126",2492,"11/18/2014","","11"
"2127",2493,"5/25/2013","","13"
"2128",2494,"5/25/2015","","7"
"2129",2495,"11/12/2015","","6"
"2130",2496,"1/31/2017","","2"
"2131",2497,"6/30/2017","","1"
"2132",2498,"7/27/2017","","0"
"2133",2499,"7/6/2016","","2"
"2134",2500,"9/28/2017","","0"
"2135",2501,"8/4/2016","","3"
"2136",2502,"9/12/2016","","3"
"2137",2503,"6/28/2016","","3"
"2138",2504,"5/29/2017","","0"
"2139",2505,"8/18/2015","","7"
"2140",2506,"11/29/2016","","2"
"2141",2507,"11/16/2016","","2"
"2142",2508,"5/18/2015","","7"
"2143",2509,"6/28/2017","","0"
"2144",2510,"5/5/2011","","22"
"2145",2511,"6/22/2017","","2"
"2146",2513,"5/1/2013","","18"
"2147",2514,"10/31/2016","","2"
"2148",2515,"11/13/2017","","0"
"2149",2516,"6/30/2016","","2"
"2150",2517,"5/31/2012","","18"
"2151",2518,"10/22/2010","","21"
"2152",2520,"8/27/2012","","13"
"2153",2521,"12/18/2017","","0"
"2154",2522,"4/1/2010","","25"
"2155",2525,"3/9/2017","","1"
"2156",2527,"10/31/2016","","3"
"2157",2528,"12/18/2015","","5"
"2158",2529,"7/4/2016","","3"
"2159",2530,"8/2/2012","","18"
"2160",2532,"6/28/2017","","0"
"2161",2533,"9/6/2016","","3"
"2162",2535,"11/9/2016","","2"
"2163",2536,"10/14/2015","","5"
"2164",2537,"9/1/2017","","0"
"2165",2538,"10/30/2017","","0"
"2166",2539,"1/16/2016","","4"
"2167",2540,"12/23/2016","","2"
"2168",2541,"4/27/2013","","16"
"2169",2543,"6/10/2015","","10"
"2170",2544,"7/28/2016","","2"
"2171",2545,"5/13/2015","","8"
"2172",2546,"8/6/2015","","8"
"2173",2547,"6/29/2015","","9"
"2174",2549,"12/5/2016","","2"
"2175",2550,"11/28/2017","","0"
"2176",2551,"5/12/2015","","7"
"2177",2552,"12/4/2015","","7"
"2178",2553,"8/10/2017","","0"
"2179",2554,"7/8/2014","","8"
"2180",2555,"12/29/2011","","23"
"2181",2556,"6/13/2016","","3"
"2182",2558,"5/4/2015","","6"
"2183",2559,"9/16/2015","1/26/2016","6"
"2184",2560,"11/29/2014","","9"
"2185",2561,"5/24/2012","","19"
"2186",2562,"9/17/2016","","3"
"2187",2563,"8/27/2012","","15"
"2188",2565,"9/8/2017","","1"
"2189",2566,"8/18/2017","","1"
"2190",2567,"6/3/2015","","11"
"2191",2568,"12/5/2011","","20"
"2192",2569,"4/25/2017","","1"
"2193",2570,"12/3/2016","12/12/2016","2"
"2194",2571,"11/30/2017","","0"
"2195",2572,"7/8/2013","","12"
"2196",2573,"7/14/2017","","0"
"2197",2574,"1/18/2016","","2"
"2198",2575,"7/6/2016","","2"
"2199",2576,"8/20/2012","","16"
"2200",2577,"4/25/2017","","0"
"2201",2578,"7/13/2017","","0"
"2202",2579,"1/15/2016","","4"
"2203",2581,"7/5/2016","","3"
"2204",2582,"8/6/2012","","12"
"2205",2585,"5/17/2017","","0"
"2206",2586,"10/30/2015","","5"
"2207",2587,"7/20/2017","","2"
"2208",2588,"2/13/2017","","0"
"2209",2589,"6/6/2016","","3"
"2210",2590,"5/3/2017","","0"
"2211",2592,"6/17/2015","","4"
"2212",2593,"4/25/2013","","15"
"2213",2594,"7/23/2012","","20"
"2214",2595,"11/12/2012","","18"
"2215",2596,"9/28/2016","","5"
"2216",2597,"8/14/2013","","14"
"2217",2598,"9/20/2016","","3"
"2218",2599,"12/18/2015","","6"
"2219",2600,"5/24/2012","","13"
"2220",2601,"6/28/2016","","2"
"2221",2602,"1/6/2016","","3"
"2222",2603,"10/3/2016","","2"
"2223",2604,"7/19/2010","","23"
"2224",2605,"3/20/2017","","0"
"2225",2606,"6/1/2015","","4"
"2226",2607,"12/24/2015","","5"
"2227",2608,"6/2/2017","","0"
"2228",2609,"1/2/2017","","0"
"2229",2610,"5/5/2017","","0"
"2230",2611,"3/8/2017","","0"
"2231",2612,"6/6/2016","","3"
"2232",2613,"10/6/2016","","3"
"2233",2614,"6/20/2015","","5"
"2234",2615,"9/24/2012","","20"
"2235",2616,"9/26/2016","","3"
"2236",2617,"1/16/2012","","17"
"2237",2618,"5/1/2017","","1"
"2238",2620,"1/8/2016","","2"
"2239",2623,"7/7/2015","","7"
"2240",2624,"7/30/2012","","18"
"2241",2625,"8/9/2012","","17"
"2242",2626,"6/8/2015","","6"
"2243",2627,"11/6/2017","","0"
"2244",2628,"11/25/2014","","6"
"2245",2629,"4/17/2017","","0"
"2246",2630,"7/23/2012","","16"
"2247",2631,"12/7/2017","","0"
"2248",2632,"7/29/2015","","8"
"2249",2633,"11/30/2016","","5"
"2250",2634,"9/15/2016","","2"
"2251",2635,"11/17/2017","","0"
"2252",2637,"9/12/2014","","7"
"2253",2639,"2/13/2017","","2"
"2254",2640,"9/28/2017","","0"
"2255",2641,"6/2/2017","","0"
"2256",2642,"9/14/2015","","7"
"2257",2643,"6/22/2015","1/22/2016","5"
"2258",2644,"8/26/2014","","10"
"2259",2645,"9/28/2017","","0"
"2260",2646,"7/31/2017","","0"
"2261",2647,"12/15/2015","1/4/2016","5"
"2262",2648,"6/6/2016","","4"
"2263",2649,"7/25/2013","","12"
"2264",2650,"9/19/2015","","6"
"2265",2651,"6/27/2016","","3"
"2266",2653,"8/29/2017","","0"
"2267",2654,"9/15/2017","","0"
"2268",2655,"2/11/2017","","0"
"2269",2656,"4/13/2017","","0"
"2270",2659,"9/26/2016","","2"
"2271",2660,"9/15/2010","","22"
"2272",2661,"1/31/2013","","14"
"2273",2663,"10/3/2015","1/9/2016","4"
"2274",2664,"6/30/2017","","1"
"2275",2665,"10/15/2015","12/31/2015","4"
"2276",2666,"10/31/2016","","2"
"2277",2667,"10/18/2010","","24"
"2278",2668,"12/27/2011","","23"
"2279",2670,"12/12/2015","","7"
"2280",2671,"5/24/2017","","0"
"2281",2672,"8/2/2017","","1"
"2282",2674,"3/12/2014","","9"
"2283",2675,"6/19/2017","","1"
"2284",2676,"10/24/2016","","2"
"2285",2677,"7/20/2015","","4"
"2286",2678,"11/16/2017","","0"
"2287",2680,"7/7/2017","","0"
"2288",2682,"7/16/2016","","3"
"2289",2683,"11/12/2015","","5"
"2290",2684,"4/26/2013","","11"
"2291",2685,"8/3/2016","","2"
"2292",2686,"8/7/2017","","1"
"2293",2687,"7/14/2014","","10"
"2294",2690,"7/17/2015","","11"
"2295",2691,"6/26/2015","","6"
"2296",2692,"1/2/2017","","1"
"2297",2693,"5/4/2015","","5"
"2298",2694,"2/28/2017","","0"
"2299",2695,"5/1/2017","5/17/2017","0"
"2300",2696,"8/8/2013","","13"
"2301",2697,"11/11/2016","","2"
"2302",2698,"3/17/2017","","0"
"2303",2699,"6/16/2017","","2"
"2304",2700,"7/29/2016","","2"
"2305",2701,"7/18/2016","","2"
"2306",2702,"4/13/2017","","0"
"2307",2703,"11/2/2016","","2"
"2308",2704,"12/12/2016","","2"
"2309",2705,"7/31/2017","","1"
"2310",2706,"10/7/2016","","5"
"2311",2707,"3/16/2017","","0"
"2312",2708,"10/29/2016","","3"
"2313",2709,"8/15/2016","","2"
"2314",2710,"9/29/2015","1/16/2016","4"
"2315",2711,"8/14/2017","","0"
"2316",2712,"8/29/2016","","2"
"2317",2713,"6/30/2016","","2"
"2318",2714,"10/4/2012","","18"
"2319",2715,"6/13/2017","","1"
"2320",2716,"6/16/2016","","3"
"2321",2718,"11/21/2016","","2"
"2322",2719,"5/31/2016","","3"
"2323",2720,"10/19/2015","","4"
"2324",2721,"1/5/2016","","3"
"2325",2722,"10/20/2017","","0"
"2326",2723,"3/13/2017","","0"
"2327",2724,"5/21/2016","","4"
"2328",2725,"10/6/2010","","23"
"2329",2726,"9/19/2015","","4"
"2330",2727,"10/17/2011","","19"
"2331",2728,"3/11/2017","","2"
"2332",2729,"8/4/2016","","4"
"2333",2730,"7/8/2016","","5"
"2334",2731,"5/7/2015","","8"
"2335",2732,"6/21/2013","","14"
"2336",2733,"9/12/2017","","0"
"2337",2734,"5/23/2016","","2"
"2338",2735,"12/2/2015","","4"
"2339",2736,"7/7/2016","","2"
"2340",2737,"7/27/2015","1/20/2016","4"
"2341",2738,"9/8/2015","","6"
"2342",2739,"12/9/2015","","5"
"2343",2740,"7/19/2012","","16"
"2344",2742,"7/2/2016","","3"
"2345",2744,"7/15/2015","","5"
"2346",2745,"3/14/2017","","0"
"2347",2746,"5/15/2017","","0"
"2348",2747,"12/17/2015","1/13/2016","4"
"2349",2749,"10/28/2015","1/19/2016","4"
"2350",2751,"11/5/2012","","14"
"2351",2752,"8/4/2017","","1"
"2352",2753,"7/8/2010","","30"
"2353",2754,"6/8/2016","","3"
"2354",2755,"5/2/2017","","0"
"2355",2757,"1/4/2017","","1"
"2356",2758,"11/7/2016","","2"
"2357",2759,"8/24/2015","","7"
"2358",2760,"10/3/2016","","3"
"2359",2761,"7/17/2017","","1"
"2360",2762,"5/5/2015","","7"
"2361",2763,"4/4/2017","","1"
"2362",2764,"9/28/2017","","0"
"2363",2765,"10/2/2015","","4"
"2364",2766,"11/5/2010","","22"
"2365",2768,"5/6/2013","","13"
"2366",2770,"11/29/2017","","0"
"2367",2771,"8/29/2012","","18"
"2368",2772,"6/12/2014","","9"
"2369",2773,"6/21/2016","","3"
"2370",2774,"7/21/2015","","7"
"2371",2775,"10/2/2017","","0"
"2372",2776,"1/4/2016","","2"
"2373",2778,"11/29/2017","","0"
"2374",2779,"1/26/2017","","0"
"2375",2781,"2/17/2017","","3"
"2376",2782,"5/16/2016","","2"
"2377",2784,"10/15/2012","","18"
"2378",2785,"8/28/2017","","0"
"2379",2786,"7/31/2015","","6"
"2380",2787,"7/21/2015","","5"
"2381",2788,"6/8/2017","","1"
